seller_id,signup_month,category,country,tier,seller_quality
S100000,2026-02-01,Fashion,IT,Standard,0.5794246572750145
S100001,2025-06-01,FMCG,DE,Plus,0.500381644567563
S100002,2026-04-01,Sports,UK,Standard,0.1939465806054951
S100003,2025-12-01,Beauty,DE,Standard,0.5730637058293395
S100004,2024-06-01,FMCG,UK,Plus,0.3346304680425088
S100005,2026-06-01,Beauty,UK,Plus,0.3108062791025947
S100006,2026-02-01,Sports,UK,Standard,0.3111002645267927
S100007,2026-02-01,FMCG,FR,Standard,0.25360148043341774
S100008,2024-08-01,Toys & Hobbies,UK,Standard,0.5787159055897753
S100009,2025-06-01,Home & Living,UK,Standard,0.5684641857404923
S100010,2025-04-01,Electronics,UK,Standard,0.4285070866284294
S100011,2026-05-01,Sports,ES,Standard,0.2186664026045209
S100012,2025-11-01,Electronics,FR,Standard,0.3540915737745827
S100013,2026-03-01,Sports,UK,Standard,0.7140432894023049
S100014,2025-06-01,FMCG,UK,Standard,0.3628293861357722
S100015,2024-12-01,Electronics,DE,Standard,0.5529846552019577
S100016,2025-09-01,Fashion,UK,Standard,0.39787542054556424
S100017,2024-05-01,Fashion,DE,Standard,0.222963143454378
S100018,2026-03-01,Toys & Hobbies,DE,Enterprise,0.39241962604817254
S100019,2025-11-01,Sports,IT,Standard,0.23484185376419886
S100020,2026-02-01,Home & Living,UK,Standard,0.4099948452836395
S100021,2025-04-01,Fashion,FR,Standard,0.5879130108471976
S100022,2026-06-01,Fashion,UK,Standard,0.6101181536753442
S100023,2026-04-01,Beauty,IT,Standard,0.6371790401220424
S100024,2026-02-01,Beauty,IT,Standard,0.17196097832646134
S100025,2024-10-01,Beauty,FR,Plus,0.3147804257143847
S100026,2025-07-01,FMCG,DE,Standard,0.09352863861758803
S100027,2024-03-01,FMCG,UK,Standard,0.6838759431434402
S100028,2024-09-01,Electronics,ES,Standard,0.3194269287677926
S100029,2025-12-01,Fashion,FR,Standard,0.4569011930075118
S100030,2026-01-01,Toys & Hobbies,UK,Enterprise,0.4173197470934315
S100031,2026-06-01,Home & Living,DE,Standard,0.542207993286745
S100032,2025-03-01,FMCG,DE,Plus,0.3822190299058702
S100033,2025-04-01,FMCG,ES,Plus,0.6188775514455688
S100034,2025-07-01,FMCG,FR,Standard,0.484120519352184
S100035,2024-10-01,Sports,FR,Standard,0.36491116383694394
S100036,2024-08-01,FMCG,FR,Standard,0.23528288660695973
S100037,2025-07-01,Fashion,UK,Plus,0.43784202950881296
S100038,2024-12-01,Toys & Hobbies,UK,Standard,0.7059934272429194
S100039,2025-12-01,Sports,UK,Standard,0.31252636823849667
S100040,2025-06-01,Beauty,ES,Plus,0.5162644868235295
S100041,2026-03-01,FMCG,DE,Plus,0.1047703517117543
S100042,2025-12-01,FMCG,DE,Standard,0.48085218340595137
S100043,2025-03-01,FMCG,UK,Standard,0.2883868144777851
S100044,2026-03-01,FMCG,UK,Standard,0.8631448377976211
S100045,2026-03-01,Fashion,DE,Standard,0.13223910243833542
S100046,2025-05-01,Toys & Hobbies,UK,Plus,0.6833998973924035
S100047,2025-02-01,Fashion,UK,Standard,0.10996113933771985
S100048,2025-12-01,Home & Living,FR,Standard,0.5747803236442084
S100049,2024-08-01,FMCG,UK,Plus,0.5741340239045032
S100050,2024-11-01,Electronics,DE,Standard,0.43509025586294436
S100051,2024-01-01,Home & Living,DE,Standard,0.5257823591703908
S100052,2026-02-01,Toys & Hobbies,ES,Standard,0.13675426110722674
S100053,2025-12-01,Sports,UK,Standard,0.42655879249446643
S100054,2026-01-01,Beauty,FR,Plus,0.13287545403989953
S100055,2026-02-01,FMCG,IT,Standard,0.3165109113643561
S100056,2025-07-01,Beauty,FR,Standard,0.31649291630202525
S100057,2025-09-01,Fashion,DE,Standard,0.6165909604195252
S100058,2024-08-01,Sports,FR,Enterprise,0.3226291121124667
S100059,2024-07-01,Beauty,DE,Standard,0.1676112562295424
S100060,2025-12-01,Electronics,DE,Enterprise,0.3618575736405813
S100061,2025-07-01,Fashion,DE,Plus,0.7977978805861384
S100062,2025-09-01,FMCG,UK,Standard,0.3127492637755253
S100063,2026-02-01,Beauty,UK,Plus,0.48726711313880455
S100064,2025-11-01,Home & Living,DE,Standard,0.8068392163963821
S100065,2025-09-01,Home & Living,UK,Standard,0.93106325860167
S100066,2025-09-01,Fashion,DE,Standard,0.7219152025616374
S100067,2025-02-01,Beauty,DE,Plus,0.8474710360098409
S100068,2024-03-01,Home & Living,IT,Plus,0.49810942406015984
S100069,2025-06-01,FMCG,UK,Plus,0.8584123357123754
S100070,2024-11-01,Toys & Hobbies,FR,Enterprise,0.2698187215942879
S100071,2025-05-01,FMCG,DE,Standard,0.7745709701549001
S100072,2026-04-01,FMCG,UK,Plus,0.2582126629039268
S100073,2024-12-01,Fashion,UK,Plus,0.8420627832043739
S100074,2024-04-01,Fashion,UK,Standard,0.48397782015922863
S100075,2025-02-01,Fashion,UK,Standard,0.2788705612688711
S100076,2025-02-01,Fashion,UK,Standard,0.17486010991578502
S100077,2025-12-01,Sports,DE,Plus,0.30061671657610967
S100078,2025-09-01,Fashion,DE,Standard,0.6402195911847716
S100079,2026-02-01,Fashion,UK,Standard,0.36959950637253075
S100080,2025-12-01,Fashion,UK,Standard,0.1950751495538937
S100081,2025-05-01,FMCG,UK,Standard,0.5677493669790383
S100082,2026-03-01,Fashion,DE,Standard,0.8524339202498061
S100083,2024-09-01,Beauty,UK,Standard,0.27758839055760354
S100084,2024-02-01,Home & Living,DE,Plus,0.5868745240799526
S100085,2024-06-01,FMCG,UK,Standard,0.15954414820431512
S100086,2026-01-01,Sports,UK,Plus,0.4403680983474386
S100087,2025-07-01,Fashion,IT,Standard,0.44031093849207964
S100088,2024-09-01,Toys & Hobbies,UK,Enterprise,0.368000927773541
S100089,2025-08-01,Fashion,UK,Standard,0.06930508736857224
S100090,2024-09-01,FMCG,UK,Standard,0.6030103918154865
S100091,2025-12-01,Electronics,IT,Standard,0.5291585907733414
S100092,2025-06-01,Home & Living,FR,Standard,0.6191409150783089
S100093,2025-05-01,Electronics,FR,Standard,0.35409493861731106
S100094,2025-02-01,Fashion,IT,Plus,0.5405023018013583
S100095,2025-11-01,Home & Living,UK,Standard,0.4070857822222183
S100096,2025-04-01,Electronics,IT,Standard,0.7162358435904098
S100097,2024-06-01,Home & Living,UK,Standard,0.42216090862515965
S100098,2024-07-01,Beauty,FR,Standard,0.8059396093894452
S100099,2026-06-01,Home & Living,DE,Standard,0.48296794357564626
S100100,2026-05-01,Home & Living,DE,Standard,0.3396346978646655
S100101,2025-12-01,Sports,IT,Standard,0.46498653832328507
S100102,2025-01-01,Beauty,UK,Enterprise,0.2871200982834187
S100103,2026-06-01,Fashion,IT,Standard,0.4955784513449313
S100104,2026-02-01,Electronics,UK,Standard,0.33715236424828887
S100105,2026-01-01,Fashion,FR,Standard,0.3903378250602781
S100106,2025-06-01,Home & Living,IT,Standard,0.5953180810389986
S100107,2025-01-01,Fashion,UK,Standard,0.4910983307820456
S100108,2024-06-01,FMCG,IT,Plus,0.5001429031903534
S100109,2026-05-01,Electronics,DE,Standard,0.7038411521179574
S100110,2025-07-01,FMCG,FR,Standard,0.3531051907876728
S100111,2024-11-01,FMCG,UK,Plus,0.4764038012120636
S100112,2025-02-01,Home & Living,DE,Standard,0.4015533647939754
S100113,2025-10-01,Electronics,FR,Plus,0.14581606440465844
S100114,2024-10-01,Toys & Hobbies,DE,Standard,0.23515697919322762
S100115,2026-04-01,Beauty,UK,Standard,0.4789668076715283
S100116,2026-02-01,FMCG,UK,Plus,0.7310134763525483
S100117,2026-01-01,Sports,ES,Plus,0.21919569713758283
S100118,2025-06-01,FMCG,UK,Plus,0.08659408358514611
S100119,2025-11-01,FMCG,FR,Standard,0.527698765094839
S100120,2025-10-01,Beauty,IT,Plus,0.892326856841044
S100121,2025-11-01,Fashion,UK,Standard,0.5961410975613409
S100122,2024-06-01,Toys & Hobbies,UK,Standard,0.2377279384385372
S100123,2025-06-01,Electronics,FR,Standard,0.4402324752982561
S100124,2024-03-01,Home & Living,UK,Standard,0.2932022367361601
S100125,2025-08-01,FMCG,DE,Standard,0.5730217379352426
S100126,2025-03-01,Beauty,FR,Standard,0.72333856837563
S100127,2024-08-01,Fashion,DE,Plus,0.49356201659858956
S100128,2024-07-01,FMCG,UK,Plus,0.8973217117954057
S100129,2025-10-01,Beauty,FR,Plus,0.40371562848128506
S100130,2024-10-01,Beauty,DE,Standard,0.6823355319013489
S100131,2026-05-01,FMCG,UK,Plus,0.4689336995611703
S100132,2025-10-01,Fashion,DE,Standard,0.37174310931874954
S100133,2025-04-01,Home & Living,ES,Standard,0.29721540953703857
S100134,2025-10-01,FMCG,FR,Plus,0.10327578888326071
S100135,2024-02-01,Fashion,DE,Standard,0.18402707645275965
S100136,2026-06-01,Electronics,UK,Standard,0.6478082131661664
S100137,2025-07-01,Electronics,UK,Standard,0.6948640111983739
S100138,2026-02-01,Electronics,UK,Standard,0.3508358644245328
S100139,2024-06-01,Fashion,UK,Plus,0.3203548813896729
S100140,2025-07-01,Electronics,IT,Standard,0.4587949843561244
S100141,2025-08-01,Beauty,UK,Standard,0.12032303863237596
S100142,2026-05-01,Beauty,ES,Standard,0.13853472594266653
S100143,2025-10-01,FMCG,UK,Standard,0.47888172228073417
S100144,2025-07-01,Fashion,UK,Plus,0.3377183340441001
S100145,2025-01-01,Beauty,DE,Plus,0.6599706551360336
S100146,2025-03-01,Beauty,UK,Plus,0.5127795995260885
S100147,2025-08-01,Electronics,ES,Plus,0.47554068176676684
S100148,2025-06-01,Beauty,IT,Standard,0.6115238551629342
S100149,2024-02-01,Beauty,ES,Plus,0.42676052258541114
S100150,2026-03-01,FMCG,UK,Standard,0.5816490635532668
S100151,2026-05-01,Fashion,FR,Standard,0.48138147920648927
S100152,2024-08-01,Beauty,UK,Standard,0.2595723287394984
S100153,2025-09-01,Beauty,IT,Standard,0.17565807253323726
S100154,2024-07-01,Beauty,DE,Plus,0.6908624165024171
S100155,2025-12-01,Electronics,UK,Standard,0.3307310439412797
S100156,2025-02-01,Toys & Hobbies,UK,Enterprise,0.4723042561557355
S100157,2025-12-01,Fashion,UK,Standard,0.5025554436771954
S100158,2026-01-01,Home & Living,UK,Standard,0.5625700540712434
S100159,2026-02-01,Toys & Hobbies,IT,Plus,0.7051806916638278
S100160,2024-07-01,Sports,ES,Standard,0.4186439634502265
S100161,2026-05-01,Home & Living,IT,Standard,0.2767640907644034
S100162,2024-12-01,Toys & Hobbies,UK,Standard,0.6132570782479737
S100163,2024-03-01,Toys & Hobbies,DE,Enterprise,0.2983315183836337
S100164,2025-09-01,Electronics,UK,Plus,0.6829851055818343
S100165,2025-04-01,Fashion,DE,Standard,0.49477894132914624
S100166,2026-03-01,FMCG,UK,Standard,0.2786412123522911
S100167,2026-03-01,FMCG,UK,Standard,0.4441897574510902
S100168,2025-03-01,Fashion,DE,Standard,0.7005681621056447
S100169,2026-06-01,Fashion,UK,Standard,0.14506929574585098
S100170,2025-02-01,Beauty,DE,Standard,0.10196257285522221
S100171,2025-08-01,Fashion,FR,Standard,0.28760737207846565
S100172,2025-01-01,Fashion,UK,Standard,0.501204444691385
S100173,2026-05-01,Electronics,IT,Standard,0.6043118996783551
S100174,2024-09-01,FMCG,DE,Standard,0.2716774378141692
S100175,2024-04-01,Beauty,ES,Standard,0.20259230247266416
S100176,2025-06-01,Electronics,FR,Plus,0.3108910196348593
S100177,2026-06-01,Electronics,FR,Standard,0.06344436366996255
S100178,2026-04-01,Sports,FR,Plus,0.2748998379935735
S100179,2026-02-01,Toys & Hobbies,ES,Standard,0.6887375331296367
S100180,2026-04-01,Toys & Hobbies,FR,Standard,0.6327572811012817
S100181,2026-04-01,Beauty,UK,Standard,0.7256556033956526
S100182,2025-08-01,Beauty,UK,Standard,0.6647158556639549
S100183,2025-03-01,Beauty,FR,Standard,0.26362533337497646
S100184,2026-02-01,Home & Living,UK,Plus,0.726994584498499
S100185,2025-12-01,Toys & Hobbies,UK,Plus,0.5063062596077126
S100186,2025-04-01,Beauty,UK,Standard,0.3287302135213038
S100187,2024-06-01,Fashion,DE,Standard,0.6823684248301161
S100188,2026-01-01,Beauty,UK,Plus,0.4722404015479711
S100189,2025-01-01,FMCG,FR,Standard,0.3350965784401377
S100190,2026-05-01,FMCG,ES,Standard,0.471345931487865
S100191,2024-12-01,FMCG,ES,Plus,0.6285125354132708
S100192,2024-08-01,Sports,UK,Standard,0.7177915209487039
S100193,2026-03-01,Beauty,DE,Standard,0.8112004966477013
S100194,2024-09-01,Electronics,DE,Standard,0.7572516371585826
S100195,2024-10-01,Home & Living,DE,Standard,0.5901770690043426
S100196,2025-10-01,FMCG,FR,Standard,0.43170116283114707
S100197,2026-04-01,FMCG,UK,Plus,0.40969452180741806
S100198,2024-11-01,Electronics,IT,Standard,0.4038229876799737
S100199,2025-02-01,Beauty,UK,Plus,0.3890948540819889
S100200,2026-02-01,Toys & Hobbies,ES,Plus,0.575594289800342
S100201,2026-06-01,FMCG,DE,Plus,0.43847169192024466
S100202,2025-08-01,Home & Living,UK,Standard,0.4605192930881162
S100203,2024-08-01,Electronics,FR,Standard,0.3344366915886344
S100204,2024-02-01,Beauty,UK,Standard,0.5747155872111164
S100205,2024-12-01,Beauty,FR,Standard,0.6955933286275149
S100206,2024-08-01,Sports,DE,Plus,0.13667379123340742
S100207,2025-12-01,Beauty,UK,Standard,0.7291518513801138
S100208,2024-07-01,Fashion,UK,Plus,0.8664076004398024
S100209,2025-08-01,Fashion,FR,Standard,0.10004189570175538
S100210,2025-12-01,Beauty,UK,Standard,0.24991072611412543
S100211,2025-10-01,Electronics,ES,Standard,0.6238944967501681
S100212,2024-11-01,Electronics,FR,Plus,0.1914745079301178
S100213,2026-03-01,Beauty,FR,Standard,0.5331643098252209
S100214,2026-01-01,Electronics,UK,Standard,0.4178830970908793
S100215,2026-01-01,FMCG,FR,Plus,0.7377466861085827
S100216,2024-08-01,FMCG,IT,Standard,0.3465562766557718
S100217,2024-08-01,Fashion,UK,Standard,0.3254589820186812
S100218,2026-05-01,Sports,UK,Standard,0.2304648583195265
S100219,2025-05-01,FMCG,UK,Standard,0.509400898064938
S100220,2025-02-01,FMCG,DE,Standard,0.54289958154379
S100221,2025-07-01,Fashion,FR,Standard,0.4249590376579806
S100222,2025-12-01,Electronics,DE,Standard,0.5179056519796933
S100223,2026-06-01,FMCG,DE,Standard,0.5890586935197907
S100224,2025-02-01,Beauty,UK,Standard,0.41797695350048886
S100225,2026-05-01,Electronics,UK,Standard,0.461623078412513
S100226,2024-02-01,Beauty,UK,Standard,0.5875675084526755
S100227,2025-09-01,FMCG,ES,Standard,0.5091465313715828
S100228,2025-11-01,FMCG,FR,Standard,0.9113273217820866
S100229,2024-07-01,Beauty,UK,Standard,0.7837984116008924
S100230,2024-08-01,Fashion,ES,Standard,0.5051969653443102
S100231,2025-06-01,Toys & Hobbies,UK,Plus,0.1528289152289816
S100232,2026-06-01,Home & Living,UK,Plus,0.5445237782698891
S100233,2025-10-01,Home & Living,UK,Standard,0.6416482479713952
S100234,2026-05-01,Sports,IT,Standard,0.22729906780375486
S100235,2026-03-01,Beauty,FR,Standard,0.5882520811155038
S100236,2025-07-01,Beauty,FR,Plus,0.41134341748250586
S100237,2026-02-01,Toys & Hobbies,UK,Standard,0.9316813996737094
S100238,2024-02-01,Beauty,UK,Standard,0.31478094833751136
S100239,2024-07-01,Home & Living,FR,Standard,0.7912775239801189
S100240,2026-03-01,Electronics,UK,Standard,0.37187988905167024
S100241,2026-03-01,FMCG,IT,Standard,0.4892039007045662
S100242,2024-12-01,Fashion,FR,Plus,0.3832719911047383
S100243,2025-09-01,FMCG,DE,Plus,0.25667942673033967
S100244,2025-10-01,FMCG,FR,Standard,0.26882559629868086
S100245,2026-04-01,Fashion,IT,Standard,0.4062226982912927
S100246,2025-10-01,Beauty,DE,Standard,0.552427746908961
S100247,2025-05-01,Electronics,FR,Standard,0.7037051118678684
S100248,2025-04-01,Toys & Hobbies,IT,Standard,0.37334297315581233
S100249,2025-06-01,Electronics,UK,Standard,0.7055406316681716
S100250,2025-11-01,Beauty,ES,Plus,0.8130750941021738
S100251,2026-04-01,Beauty,UK,Enterprise,0.5524276870536985
S100252,2025-07-01,Beauty,FR,Standard,0.48262433153563167
S100253,2024-12-01,FMCG,ES,Standard,0.585894426263719
S100254,2024-12-01,Sports,FR,Standard,0.1994632364789683
S100255,2026-01-01,Beauty,DE,Standard,0.23861183360354168
S100256,2026-03-01,Beauty,FR,Standard,0.384406259640828
S100257,2024-07-01,Electronics,UK,Standard,0.3050969603848785
S100258,2024-05-01,Beauty,UK,Standard,0.5924821573426703
S100259,2025-10-01,FMCG,UK,Plus,0.45366628301911643
S100260,2024-09-01,FMCG,DE,Standard,0.8653012856171473
S100261,2026-03-01,Home & Living,DE,Standard,0.1972999906839146
S100262,2025-02-01,Electronics,UK,Standard,0.47305453551886356
S100263,2024-08-01,FMCG,ES,Enterprise,0.3619819050667289
S100264,2026-05-01,Toys & Hobbies,UK,Standard,0.7037912659034803
S100265,2024-09-01,Electronics,DE,Standard,0.8567675310968079
S100266,2025-02-01,Electronics,DE,Standard,0.2698698907003059
S100267,2024-09-01,Beauty,UK,Standard,0.11779207551436141
S100268,2024-07-01,FMCG,FR,Enterprise,0.3861297412835268
S100269,2024-02-01,Toys & Hobbies,DE,Standard,0.5089624689782545
S100270,2024-04-01,Beauty,UK,Plus,0.25488433046636094
S100271,2024-10-01,Home & Living,IT,Standard,0.37859955793624456
S100272,2024-04-01,Electronics,ES,Standard,0.35829252255021543
S100273,2025-10-01,FMCG,FR,Standard,0.7043050218656651
S100274,2025-12-01,Electronics,ES,Standard,0.1698926065785321
S100275,2025-05-01,Toys & Hobbies,IT,Standard,0.29352558468287987
S100276,2025-03-01,Home & Living,UK,Standard,0.5273491185467211
S100277,2025-08-01,Fashion,FR,Standard,0.5162879739459056
S100278,2026-04-01,Toys & Hobbies,FR,Plus,0.7085449016153009
S100279,2026-04-01,Fashion,UK,Enterprise,0.40792373851871616
S100280,2024-03-01,Electronics,UK,Standard,0.38493798345454994
S100281,2024-10-01,Electronics,UK,Standard,0.176110985711029
S100282,2024-12-01,Electronics,FR,Plus,0.45866617967862655
S100283,2024-12-01,Beauty,ES,Standard,0.34211090579818926
S100284,2025-10-01,FMCG,FR,Plus,0.23810152418276534
S100285,2025-06-01,Beauty,UK,Standard,0.3187561704864726
S100286,2024-04-01,Fashion,UK,Plus,0.25173083287999853
S100287,2025-04-01,Fashion,DE,Standard,0.26015239503829785
S100288,2025-08-01,Fashion,DE,Standard,0.3121554370357229
S100289,2024-07-01,Beauty,IT,Standard,0.3650981293246719
S100290,2026-03-01,Electronics,ES,Standard,0.2965765819669565
S100291,2024-04-01,Toys & Hobbies,IT,Plus,0.6553735923704256
S100292,2026-05-01,Beauty,ES,Enterprise,0.49256569275414386
S100293,2024-06-01,Home & Living,IT,Standard,0.18763303626171568
S100294,2026-03-01,Home & Living,DE,Standard,0.24810098897784616
S100295,2026-05-01,Fashion,UK,Standard,0.24761145324545084
S100296,2026-06-01,FMCG,UK,Standard,0.9796430185304459
S100297,2026-03-01,Electronics,DE,Standard,0.3943634555418
S100298,2026-02-01,Sports,UK,Plus,0.4717146205970798
S100299,2025-11-01,Home & Living,UK,Plus,0.0920593575836659
S100300,2026-02-01,Toys & Hobbies,IT,Standard,0.3538210107834532
S100301,2024-08-01,Sports,UK,Standard,0.7983736964759763
S100302,2025-09-01,Beauty,IT,Standard,0.29677832939633647
S100303,2025-08-01,Home & Living,FR,Standard,0.72242699079824
S100304,2026-04-01,Fashion,FR,Standard,0.2968458059574385
S100305,2025-07-01,Sports,FR,Standard,0.4652572855787432
S100306,2025-05-01,FMCG,UK,Standard,0.5703301111511065
S100307,2025-11-01,Beauty,FR,Standard,0.3427404458488191
S100308,2025-01-01,Toys & Hobbies,UK,Plus,0.4183813773606246
S100309,2024-08-01,Beauty,IT,Standard,0.6782598341347263
S100310,2025-07-01,Electronics,UK,Standard,0.7710323935791387
S100311,2025-06-01,Beauty,UK,Standard,0.7723447840831319
S100312,2024-12-01,Sports,FR,Plus,0.3768734941829417
S100313,2025-04-01,Toys & Hobbies,FR,Standard,0.5968391293572586
S100314,2025-04-01,Beauty,DE,Standard,0.31402966313436775
S100315,2025-03-01,Electronics,FR,Standard,0.7971977663120972
S100316,2025-05-01,Beauty,UK,Standard,0.3129594105447644
S100317,2025-12-01,Home & Living,FR,Standard,0.6055523220107576
S100318,2025-02-01,Home & Living,UK,Plus,0.354466438118894
S100319,2026-06-01,Electronics,UK,Standard,0.3197015268299837
S100320,2026-05-01,FMCG,UK,Standard,0.18312750516800805
S100321,2025-07-01,Beauty,UK,Standard,0.6565654606687265
S100322,2025-03-01,Home & Living,UK,Plus,0.18539097798361773
S100323,2025-09-01,Fashion,DE,Plus,0.6443198650330721
S100324,2026-04-01,Fashion,UK,Plus,0.6886993857870335
S100325,2025-11-01,FMCG,UK,Standard,0.5523763486319111
S100326,2026-03-01,Beauty,DE,Plus,0.8182478531200938
S100327,2025-09-01,Toys & Hobbies,UK,Standard,0.7499034563313266
S100328,2025-11-01,FMCG,FR,Standard,0.12659349368892914
S100329,2025-02-01,Beauty,IT,Standard,0.5141643806278325
S100330,2026-01-01,Sports,DE,Plus,0.7104749622223075
S100331,2024-11-01,FMCG,IT,Standard,0.39281277768493833
S100332,2025-12-01,Electronics,UK,Standard,0.41167088323821804
S100333,2026-04-01,Beauty,UK,Standard,0.5358793272146537
S100334,2024-08-01,Toys & Hobbies,FR,Standard,0.4313574641462858
S100335,2025-11-01,Electronics,FR,Standard,0.3401414700004775
S100336,2024-06-01,Toys & Hobbies,ES,Standard,0.17902721485944523
S100337,2026-01-01,FMCG,UK,Plus,0.861552884733864
S100338,2024-06-01,Fashion,FR,Standard,0.42768289393244163
S100339,2026-05-01,Electronics,UK,Standard,0.5495369068327124
S100340,2024-08-01,Beauty,UK,Standard,0.3268785958077921
S100341,2026-06-01,Beauty,UK,Standard,0.6138529216445081
S100342,2026-03-01,FMCG,IT,Enterprise,0.4529912237341108
S100343,2025-10-01,Sports,UK,Standard,0.700773688311702
S100344,2026-02-01,Home & Living,ES,Standard,0.5343520475161363
S100345,2026-03-01,Home & Living,FR,Standard,0.09747889198972143
S100346,2026-05-01,Electronics,FR,Enterprise,0.2577392783437761
S100347,2025-01-01,Fashion,FR,Standard,0.5145899068442258
S100348,2025-10-01,Fashion,ES,Plus,0.40927199390341495
S100349,2024-06-01,Fashion,UK,Standard,0.6663885154277757
S100350,2025-11-01,Home & Living,UK,Standard,0.6706718937261282
S100351,2024-10-01,FMCG,DE,Standard,0.5248427272569709
S100352,2025-09-01,Toys & Hobbies,UK,Standard,0.3663450417934901
S100353,2025-10-01,Electronics,UK,Standard,0.16425997738353348
S100354,2025-07-01,Beauty,UK,Standard,0.2657670789291745
S100355,2025-08-01,Fashion,UK,Plus,0.35935913671328035
S100356,2026-02-01,FMCG,UK,Plus,0.4523607442200965
S100357,2026-03-01,Sports,UK,Plus,0.47244200432803113
S100358,2025-08-01,Toys & Hobbies,IT,Standard,0.25939261674287706
S100359,2025-10-01,Toys & Hobbies,UK,Standard,0.461953992386956
S100360,2026-05-01,Beauty,IT,Enterprise,0.1818191321314731
S100361,2024-07-01,FMCG,IT,Standard,0.22596453821062387
S100362,2024-07-01,FMCG,UK,Standard,0.4307726649083741
S100363,2024-06-01,FMCG,FR,Plus,0.31388626614424253
S100364,2025-12-01,FMCG,FR,Standard,0.18515439309425896
S100365,2025-06-01,FMCG,FR,Standard,0.7847377792262568
S100366,2026-02-01,Sports,UK,Plus,0.5822035704148142
S100367,2025-12-01,FMCG,UK,Standard,0.33587863215216945
S100368,2025-03-01,FMCG,UK,Standard,0.5508389684276831
S100369,2026-05-01,Electronics,FR,Standard,0.5773111006281436
S100370,2026-02-01,Fashion,IT,Standard,0.4839127150082714
S100371,2025-01-01,Electronics,FR,Plus,0.8260087806652979
S100372,2025-04-01,Home & Living,FR,Standard,0.23672404698356575
S100373,2025-03-01,Toys & Hobbies,IT,Standard,0.36716036999152785
S100374,2024-09-01,Home & Living,FR,Plus,0.715552394263498
S100375,2024-09-01,Fashion,UK,Standard,0.2950814589215091
S100376,2026-05-01,Home & Living,ES,Plus,0.7622210401065134
S100377,2025-06-01,Fashion,UK,Standard,0.4492433022760466
S100378,2025-05-01,Beauty,UK,Standard,0.42642308337334467
S100379,2026-01-01,Fashion,DE,Standard,0.3103605649756854
S100380,2025-09-01,FMCG,IT,Standard,0.39262234028027265
S100381,2026-05-01,Electronics,UK,Plus,0.28137065666008265
S100382,2026-02-01,Beauty,DE,Plus,0.6433775903024236
S100383,2025-07-01,FMCG,UK,Enterprise,0.6888726484988715
S100384,2025-04-01,Beauty,UK,Standard,0.3636886956892051
S100385,2026-06-01,Electronics,UK,Plus,0.7990176789561461
S100386,2026-01-01,Beauty,FR,Standard,0.5935827626813569
S100387,2026-06-01,Home & Living,ES,Plus,0.08391541602185368
S100388,2024-07-01,Electronics,UK,Standard,0.41725837204687316
S100389,2026-04-01,FMCG,UK,Plus,0.7632721557245867
S100390,2025-11-01,Electronics,UK,Standard,0.3576702207768779
S100391,2024-07-01,Beauty,UK,Standard,0.12127046413396303
S100392,2025-10-01,FMCG,DE,Plus,0.7226767035219112
S100393,2025-12-01,Home & Living,FR,Standard,0.4327441798021311
S100394,2024-01-01,Toys & Hobbies,FR,Standard,0.4548846337085342
S100395,2025-07-01,Beauty,DE,Enterprise,0.18641472861025424
S100396,2026-03-01,Fashion,DE,Standard,0.5936316628344661
S100397,2025-02-01,Beauty,UK,Standard,0.34877012591238044
S100398,2025-07-01,Fashion,UK,Standard,0.3885412947958121
S100399,2025-06-01,Home & Living,IT,Standard,0.8873152392067452
S100400,2025-02-01,Home & Living,FR,Standard,0.3488071290625423
S100401,2026-05-01,Home & Living,IT,Plus,0.49652282782836304
S100402,2026-02-01,FMCG,IT,Enterprise,0.5627328005352552
S100403,2024-07-01,Home & Living,FR,Standard,0.7792937197565792
S100404,2026-06-01,Home & Living,IT,Standard,0.21067191458952647
S100405,2026-04-01,Home & Living,DE,Standard,0.3941871316698048
S100406,2025-02-01,FMCG,UK,Plus,0.12399992533908734
S100407,2026-03-01,Fashion,UK,Standard,0.38297902424765967
S100408,2024-07-01,Beauty,UK,Standard,0.4082978178817507
S100409,2026-06-01,FMCG,UK,Enterprise,0.5157815148484193
S100410,2025-12-01,Beauty,UK,Plus,0.5054598711667233
S100411,2025-11-01,Fashion,FR,Standard,0.4354348845659474
S100412,2024-06-01,Electronics,ES,Standard,0.6916408039779189
S100413,2026-05-01,Beauty,DE,Standard,0.3384567835922699
S100414,2024-03-01,Electronics,UK,Standard,0.1388043214617306
S100415,2024-12-01,Fashion,FR,Standard,0.2970813243434601
S100416,2024-08-01,Electronics,UK,Standard,0.4626445925364229
S100417,2026-02-01,Fashion,UK,Standard,0.29909958779303386
S100418,2024-11-01,Fashion,UK,Standard,0.44140117940868223
S100419,2026-05-01,Home & Living,UK,Standard,0.35883950044802665
S100420,2025-12-01,Toys & Hobbies,UK,Standard,0.7367432887944216
S100421,2024-03-01,Fashion,ES,Plus,0.44709406226392095
S100422,2024-01-01,Fashion,FR,Standard,0.5642032610290242
S100423,2024-04-01,Home & Living,FR,Plus,0.7298520340701959
S100424,2025-10-01,Home & Living,UK,Standard,0.20609579815413337
S100425,2026-03-01,FMCG,ES,Standard,0.4308243269165368
S100426,2024-12-01,Fashion,FR,Plus,0.4805326323787767
S100427,2026-04-01,Fashion,UK,Standard,0.4539592764034495
S100428,2024-04-01,Toys & Hobbies,FR,Standard,0.5581956645016946
S100429,2026-03-01,Fashion,DE,Standard,0.15330736595081013
S100430,2026-05-01,Fashion,DE,Standard,0.3082320994877067
S100431,2026-02-01,Sports,UK,Standard,0.5741121195930271
S100432,2025-12-01,Fashion,DE,Standard,0.2152981565941765
S100433,2026-03-01,FMCG,UK,Standard,0.6824517749747959
S100434,2024-03-01,FMCG,UK,Standard,0.6800554362386199
S100435,2024-11-01,FMCG,UK,Standard,0.3734735290144867
S100436,2024-08-01,FMCG,IT,Standard,0.48238525552254313
S100437,2025-08-01,Fashion,UK,Standard,0.39833328950952335
S100438,2026-01-01,Electronics,UK,Standard,0.4527848457500106
S100439,2025-11-01,Home & Living,UK,Standard,0.19834548673229316
S100440,2026-04-01,FMCG,ES,Standard,0.5211446518023097
S100441,2024-09-01,Fashion,DE,Standard,0.7915502325776268
S100442,2026-01-01,FMCG,IT,Standard,0.47441633818360585
S100443,2024-10-01,Sports,UK,Standard,0.45025768591045945
S100444,2025-01-01,FMCG,UK,Standard,0.4978502530160112
S100445,2026-01-01,Home & Living,DE,Enterprise,0.5196709500017538
S100446,2026-06-01,Beauty,UK,Plus,0.7133620456648029
S100447,2025-10-01,Home & Living,ES,Standard,0.43848211332979514
S100448,2024-04-01,Beauty,ES,Standard,0.43848762238815375
S100449,2025-11-01,Electronics,DE,Standard,0.6457424295262801
S100450,2024-03-01,Beauty,IT,Plus,0.26190050547179006
S100451,2026-04-01,Toys & Hobbies,DE,Plus,0.37174946193879116
S100452,2026-01-01,Fashion,UK,Standard,0.3379124275375613
S100453,2024-10-01,Electronics,DE,Standard,0.764601015773369
S100454,2024-06-01,Electronics,UK,Standard,0.48612646992884045
S100455,2024-10-01,Sports,ES,Plus,0.4056395140884639
S100456,2026-06-01,Beauty,UK,Plus,0.367911143859528
S100457,2025-07-01,Beauty,UK,Standard,0.35773079228384314
S100458,2026-02-01,Beauty,DE,Standard,0.21359912758563013
S100459,2025-11-01,Beauty,UK,Standard,0.4970933304424783
S100460,2025-10-01,Fashion,UK,Standard,0.47967648848859373
S100461,2024-08-01,Sports,FR,Plus,0.16361564269822623
S100462,2026-05-01,Sports,UK,Standard,0.7408473645226589
S100463,2025-02-01,Fashion,DE,Standard,0.32033707567947256
S100464,2025-10-01,Home & Living,UK,Standard,0.5589288687306474
S100465,2025-12-01,Electronics,UK,Standard,0.44745508725413663
S100466,2025-11-01,Toys & Hobbies,UK,Plus,0.5665908885291427
S100467,2026-05-01,FMCG,FR,Standard,0.15280760712341626
S100468,2024-09-01,Fashion,IT,Plus,0.5856706212591181
S100469,2025-08-01,Electronics,UK,Standard,0.6666442405528915
S100470,2025-05-01,Beauty,IT,Standard,0.2993696271071177
S100471,2025-07-01,Fashion,DE,Standard,0.2310592900329003
S100472,2024-07-01,Sports,FR,Standard,0.4035402018143351
S100473,2024-08-01,Sports,FR,Standard,0.4763373453482018
S100474,2025-01-01,Toys & Hobbies,FR,Standard,0.41781434196861333
S100475,2025-02-01,Electronics,ES,Standard,0.1418353945379468
S100476,2025-06-01,Beauty,DE,Standard,0.3813313260736893
S100477,2025-10-01,Beauty,DE,Standard,0.4001828507040489
S100478,2025-11-01,Fashion,UK,Standard,0.46461734894548246
S100479,2025-05-01,Fashion,UK,Plus,0.527046480718311
S100480,2025-05-01,Fashion,FR,Plus,0.6080201719324467
S100481,2024-11-01,Home & Living,UK,Standard,0.8183084236940336
S100482,2025-10-01,Beauty,UK,Plus,0.5171250463062426
S100483,2025-03-01,Electronics,UK,Plus,0.6717326280565873
S100484,2024-03-01,Beauty,UK,Enterprise,0.3194203378581874
S100485,2025-06-01,Beauty,FR,Standard,0.2401586837194906
S100486,2025-07-01,FMCG,FR,Standard,0.7657624049411391
S100487,2024-12-01,FMCG,DE,Standard,0.26104570566482976
S100488,2025-10-01,Electronics,UK,Plus,0.5581116835407337
S100489,2025-09-01,Fashion,DE,Plus,0.07511681637597203
S100490,2026-01-01,Beauty,UK,Standard,0.7128510908564536
S100491,2025-11-01,Electronics,FR,Standard,0.1466045116704423
S100492,2025-11-01,Fashion,DE,Plus,0.6553873362682904
S100493,2025-03-01,FMCG,DE,Plus,0.5510690120176807
S100494,2026-02-01,Beauty,DE,Standard,0.6242296497978002
S100495,2025-09-01,FMCG,IT,Standard,0.47975965697819484
S100496,2025-06-01,Home & Living,FR,Standard,0.6326470814445017
S100497,2025-11-01,Beauty,DE,Standard,0.3642855592043366
S100498,2025-04-01,FMCG,DE,Standard,0.6114603386590175
S100499,2025-08-01,FMCG,UK,Plus,0.8062242001780253
S100500,2026-01-01,Fashion,IT,Enterprise,0.5996067026365554
S100501,2026-04-01,FMCG,UK,Standard,0.32052688069776825
S100502,2026-05-01,Electronics,UK,Standard,0.6835541651727033
S100503,2025-08-01,FMCG,IT,Standard,0.29276048839096347
S100504,2025-08-01,Home & Living,FR,Standard,0.24464559228504165
S100505,2026-03-01,Fashion,UK,Standard,0.465192960459193
S100506,2025-03-01,Fashion,UK,Standard,0.46660315076565384
S100507,2026-03-01,FMCG,UK,Standard,0.5468520098201959
S100508,2025-08-01,Electronics,DE,Standard,0.5141165931524011
S100509,2024-07-01,Toys & Hobbies,UK,Standard,0.7251834999799572
S100510,2024-05-01,FMCG,IT,Plus,0.4522710983402871
S100511,2026-03-01,FMCG,IT,Standard,0.6243180489427108
S100512,2024-04-01,Toys & Hobbies,DE,Standard,0.7992702716159089
S100513,2025-01-01,Fashion,FR,Plus,0.6274899984486868
S100514,2025-03-01,FMCG,UK,Standard,0.5538016506563299
S100515,2024-10-01,FMCG,UK,Standard,0.49354488476151287
S100516,2025-03-01,Home & Living,FR,Standard,0.7296662146751878
S100517,2026-01-01,Home & Living,UK,Standard,0.4365240956093115
S100518,2024-02-01,Fashion,UK,Standard,0.549029324511148
S100519,2026-03-01,Sports,UK,Standard,0.6336871136707212
S100520,2026-04-01,Fashion,UK,Standard,0.40576689582295933
S100521,2025-04-01,Beauty,DE,Standard,0.16196907582660677
S100522,2024-09-01,Fashion,FR,Standard,0.4562956831709262
S100523,2025-10-01,Beauty,ES,Standard,0.5742839947325666
S100524,2024-07-01,Beauty,FR,Standard,0.4620463319671112
S100525,2025-04-01,FMCG,ES,Standard,0.8834840165277694
S100526,2026-06-01,Beauty,DE,Plus,0.5601721617641541
S100527,2026-06-01,Home & Living,ES,Standard,0.5840158440285665
S100528,2026-02-01,FMCG,DE,Standard,0.6396124276842549
S100529,2025-02-01,Fashion,UK,Standard,0.16246671103103205
S100530,2025-12-01,Home & Living,IT,Standard,0.18382596407541887
S100531,2026-01-01,Home & Living,UK,Plus,0.78116613628428
S100532,2025-05-01,Electronics,UK,Standard,0.531695587679155
S100533,2025-11-01,Electronics,UK,Standard,0.48512423647205477
S100534,2024-01-01,Home & Living,UK,Plus,0.3996655135874086
S100535,2024-11-01,FMCG,UK,Plus,0.36202825581607095
S100536,2025-08-01,Fashion,DE,Standard,0.7855268833296112
S100537,2024-09-01,Home & Living,ES,Standard,0.7760529692599072
S100538,2024-09-01,Beauty,UK,Standard,0.37885362074032897
S100539,2026-03-01,FMCG,DE,Standard,0.5353692866557883
S100540,2026-06-01,Beauty,UK,Standard,0.7391104671325398
S100541,2025-09-01,Fashion,ES,Standard,0.4558442936548932
S100542,2026-03-01,Beauty,UK,Plus,0.32739707070051893
S100543,2026-06-01,FMCG,UK,Standard,0.5500803799839002
S100544,2024-08-01,Electronics,DE,Standard,0.3496569564954835
S100545,2025-06-01,Toys & Hobbies,FR,Standard,0.7512647695169736
S100546,2025-05-01,FMCG,ES,Standard,0.7432563357675155
S100547,2024-05-01,Toys & Hobbies,DE,Standard,0.5922739486954776
S100548,2026-02-01,FMCG,FR,Plus,0.5988382545643433
S100549,2025-06-01,Toys & Hobbies,DE,Standard,0.4779963142551171
S100550,2025-07-01,Sports,UK,Standard,0.8656220369391014
S100551,2024-09-01,FMCG,UK,Standard,0.13443864652278392
S100552,2024-10-01,Electronics,UK,Standard,0.38904689856097785
S100553,2026-05-01,Sports,UK,Standard,0.44179959333103186
S100554,2024-04-01,Toys & Hobbies,DE,Plus,0.548740715930561
S100555,2024-12-01,Sports,UK,Standard,0.47373296135279114
S100556,2025-02-01,Fashion,DE,Standard,0.6109363881197749
S100557,2025-08-01,FMCG,DE,Enterprise,0.17841788876976766
S100558,2025-10-01,Electronics,FR,Standard,0.5498427332233421
S100559,2025-08-01,Home & Living,FR,Plus,0.6136137595654214
S100560,2024-06-01,Home & Living,UK,Standard,0.4943073908973133
S100561,2024-12-01,Beauty,UK,Standard,0.2724809603640494
S100562,2026-03-01,Fashion,DE,Plus,0.4480508495942279
S100563,2025-11-01,FMCG,DE,Standard,0.3002452406367218
S100564,2025-11-01,Home & Living,UK,Standard,0.48887032471672154
S100565,2025-12-01,FMCG,UK,Standard,0.3284172481309306
S100566,2026-02-01,Home & Living,FR,Standard,0.2173943340641924
S100567,2024-04-01,Electronics,FR,Standard,0.5099974122651606
S100568,2025-04-01,Fashion,UK,Standard,0.8508928137069002
S100569,2025-09-01,Fashion,DE,Standard,0.22235172576008194
S100570,2025-03-01,Beauty,ES,Standard,0.7333132174680037
S100571,2026-04-01,Sports,UK,Standard,0.5494508708666805
S100572,2025-07-01,Home & Living,ES,Standard,0.8034138314922908
S100573,2026-02-01,Beauty,UK,Standard,0.21553361347978356
S100574,2026-04-01,FMCG,DE,Standard,0.4682368785172068
S100575,2025-08-01,FMCG,DE,Standard,0.6760748119961454
S100576,2026-05-01,Fashion,UK,Standard,0.7060355068839799
S100577,2025-10-01,Sports,IT,Standard,0.6190357997959751
S100578,2026-04-01,Home & Living,DE,Standard,0.44187125309297726
S100579,2025-03-01,FMCG,IT,Standard,0.8333086119480119
S100580,2025-08-01,Electronics,UK,Standard,0.5416703376951508
S100581,2025-09-01,Beauty,ES,Enterprise,0.6958572896719732
S100582,2024-07-01,Electronics,IT,Plus,0.7568766582882005
S100583,2025-05-01,Beauty,DE,Standard,0.5295948368011824
S100584,2026-05-01,Home & Living,UK,Enterprise,0.6981732096446519
S100585,2025-11-01,Toys & Hobbies,FR,Plus,0.5042845676670636
S100586,2024-10-01,Beauty,DE,Standard,0.6789512257924171
S100587,2025-03-01,Home & Living,IT,Plus,0.12717452794376832
S100588,2024-10-01,Sports,DE,Standard,0.8820694626858567
S100589,2024-02-01,FMCG,UK,Standard,0.20299544995687405
S100590,2026-05-01,FMCG,UK,Standard,0.4379912536647239
S100591,2025-06-01,Home & Living,FR,Standard,0.8905986854385093
S100592,2025-02-01,Beauty,IT,Standard,0.3191922489775779
S100593,2025-10-01,FMCG,UK,Enterprise,0.790633477096583
S100594,2024-01-01,Fashion,FR,Standard,0.4032581165745445
S100595,2025-01-01,Electronics,IT,Standard,0.3213642002087668
S100596,2026-01-01,Beauty,UK,Standard,0.5283902146739865
S100597,2025-11-01,Beauty,UK,Standard,0.49965302148754115
S100598,2026-06-01,Electronics,FR,Plus,0.4579971968182874
S100599,2025-11-01,Fashion,FR,Plus,0.8827200677052318
S100600,2025-07-01,Electronics,UK,Standard,0.144215099095031
S100601,2026-02-01,Fashion,ES,Standard,0.4783905128015228
S100602,2026-05-01,Sports,DE,Standard,0.22450766420477067
S100603,2026-01-01,Home & Living,IT,Standard,0.6309606688616662
S100604,2026-06-01,FMCG,ES,Plus,0.2644930946176413
S100605,2026-02-01,Toys & Hobbies,ES,Plus,0.759174999718232
S100606,2026-04-01,Fashion,DE,Standard,0.7505913959694622
S100607,2024-07-01,FMCG,UK,Standard,0.3543424193455593
S100608,2026-01-01,FMCG,DE,Standard,0.6218245589343034
S100609,2025-06-01,Home & Living,UK,Standard,0.4066861713984298
S100610,2025-09-01,FMCG,FR,Standard,0.1446261631433884
S100611,2025-11-01,Beauty,UK,Standard,0.2426439249226646
S100612,2026-06-01,FMCG,DE,Standard,0.27566931223223934
S100613,2026-06-01,Fashion,UK,Plus,0.506821555810248
S100614,2025-02-01,Beauty,UK,Standard,0.7656001733924713
S100615,2026-01-01,Fashion,UK,Standard,0.2930210408148867
S100616,2026-02-01,Beauty,FR,Standard,0.6580095788370729
S100617,2025-04-01,FMCG,ES,Standard,0.12625001773104688
S100618,2024-08-01,Home & Living,UK,Standard,0.7292220254653441
S100619,2024-03-01,Beauty,ES,Standard,0.40949575588758946
S100620,2026-02-01,Home & Living,ES,Standard,0.3437008068950887
S100621,2025-08-01,FMCG,UK,Standard,0.4386850195092639
S100622,2026-06-01,FMCG,FR,Standard,0.5499671969237305
S100623,2025-07-01,Beauty,DE,Standard,0.5118257123512092
S100624,2026-06-01,Fashion,UK,Standard,0.27949103677795817
S100625,2025-05-01,Beauty,DE,Standard,0.5152865133317683
S100626,2026-02-01,Electronics,UK,Standard,0.2953650321028776
S100627,2024-06-01,Beauty,ES,Standard,0.14799889824440046
S100628,2025-09-01,Fashion,IT,Plus,0.4822739823325002
S100629,2026-03-01,Fashion,ES,Plus,0.4990826635107289
S100630,2026-05-01,FMCG,DE,Standard,0.2019454722851927
S100631,2026-03-01,Fashion,DE,Standard,0.4295962758029517
S100632,2024-03-01,Beauty,IT,Standard,0.128679577514207
S100633,2025-04-01,Fashion,UK,Plus,0.7630713620761386
S100634,2024-04-01,FMCG,UK,Standard,0.24582251466082589
S100635,2024-07-01,Electronics,DE,Plus,0.42676817007083917
S100636,2025-12-01,Sports,UK,Standard,0.43694903283927516
S100637,2026-01-01,FMCG,UK,Standard,0.7982841260492873
S100638,2026-02-01,Home & Living,UK,Standard,0.0884084210389324
S100639,2026-04-01,Electronics,DE,Standard,0.8626427642327447
S100640,2026-01-01,Beauty,UK,Plus,0.7019446475952511
S100641,2026-03-01,Electronics,UK,Standard,0.49031427710927794
S100642,2024-04-01,Home & Living,UK,Standard,0.5385545754119323
S100643,2024-12-01,Toys & Hobbies,UK,Standard,0.4604029349254104
S100644,2025-11-01,Sports,ES,Standard,0.21549363114692818
S100645,2026-04-01,FMCG,UK,Standard,0.5481811501061779
S100646,2024-01-01,Fashion,FR,Standard,0.5682004221643101
S100647,2025-08-01,Fashion,FR,Standard,0.6568107947088548
S100648,2025-12-01,FMCG,UK,Standard,0.8177499344154056
S100649,2024-03-01,Beauty,ES,Plus,0.2424969193886352
S100650,2025-05-01,Sports,FR,Standard,0.6356583327065101
S100651,2026-05-01,FMCG,DE,Plus,0.862549198465695
S100652,2025-12-01,Fashion,UK,Plus,0.43314141004781836
S100653,2024-12-01,Electronics,UK,Standard,0.7392020731679658
S100654,2026-04-01,Beauty,IT,Standard,0.8989668852957396
S100655,2025-04-01,Fashion,ES,Plus,0.7578692552739613
S100656,2026-04-01,Sports,IT,Standard,0.7254942854946665
S100657,2025-02-01,Fashion,IT,Standard,0.5882804566788362
S100658,2025-10-01,FMCG,UK,Standard,0.44749814635888874
S100659,2025-05-01,FMCG,ES,Standard,0.6160517991866938
S100660,2025-01-01,Sports,DE,Standard,0.7679434657407582
S100661,2026-04-01,Beauty,ES,Plus,0.605873808575996
S100662,2024-10-01,Fashion,UK,Standard,0.4662405802689652
S100663,2024-06-01,FMCG,UK,Plus,0.5367274936462996
S100664,2025-03-01,Fashion,FR,Standard,0.6405928541315544
S100665,2026-01-01,Toys & Hobbies,ES,Standard,0.3239528598070315
S100666,2026-03-01,Fashion,FR,Standard,0.2794552883065803
S100667,2026-06-01,Sports,UK,Standard,0.6225380445447265
S100668,2025-02-01,Beauty,UK,Standard,0.6499918272249288
S100669,2025-05-01,Fashion,IT,Standard,0.08706893361322178
S100670,2024-08-01,Electronics,DE,Standard,0.7179336318890709
S100671,2025-10-01,Fashion,DE,Standard,0.38482989638880893
S100672,2026-06-01,Beauty,DE,Standard,0.6659848281936944
S100673,2026-01-01,Electronics,DE,Standard,0.3895005859958011
S100674,2025-10-01,Beauty,DE,Standard,0.5569148004167855
S100675,2025-05-01,Fashion,DE,Standard,0.6232555475622485
S100676,2026-05-01,Sports,ES,Standard,0.4755568105131018
S100677,2025-08-01,FMCG,IT,Standard,0.6126622313384159
S100678,2024-08-01,Beauty,IT,Standard,0.22086004110614704
S100679,2025-04-01,FMCG,DE,Standard,0.36148048572919517
S100680,2024-05-01,Beauty,DE,Standard,0.3982946759138313
S100681,2024-11-01,FMCG,FR,Standard,0.37146316997979817
S100682,2024-02-01,Home & Living,ES,Standard,0.39584816682579116
S100683,2025-07-01,FMCG,DE,Standard,0.8038036898665334
S100684,2025-11-01,Home & Living,FR,Plus,0.18905516689717375
S100685,2025-03-01,Beauty,FR,Plus,0.6772886275554142
S100686,2025-06-01,Beauty,FR,Standard,0.5002534789737028
S100687,2026-06-01,Beauty,FR,Standard,0.5083293535475755
S100688,2026-02-01,Home & Living,UK,Standard,0.7443946880214716
S100689,2025-09-01,Fashion,DE,Enterprise,0.5069421152913226
S100690,2025-02-01,Beauty,DE,Standard,0.6752117706934209
S100691,2026-05-01,Electronics,UK,Standard,0.7641553295248571
S100692,2024-12-01,Fashion,ES,Standard,0.3962054589960302
S100693,2025-03-01,FMCG,FR,Standard,0.5287652590845054
S100694,2026-05-01,Toys & Hobbies,UK,Standard,0.17540244286045803
S100695,2025-09-01,Beauty,ES,Standard,0.2856247911594594
S100696,2026-01-01,FMCG,FR,Standard,0.3272461998357257
S100697,2025-10-01,Fashion,FR,Standard,0.6700967435431144
S100698,2025-11-01,FMCG,DE,Plus,0.1931522101185074
S100699,2025-02-01,Beauty,ES,Plus,0.5981655854805683
S100700,2024-12-01,Electronics,DE,Standard,0.7530686859605894
S100701,2025-03-01,FMCG,DE,Standard,0.369506432984136
S100702,2024-09-01,Electronics,UK,Standard,0.2977706695969062
S100703,2026-04-01,Toys & Hobbies,FR,Plus,0.541966379652644
S100704,2025-02-01,Home & Living,FR,Standard,0.5520722999968772
S100705,2025-09-01,Home & Living,DE,Standard,0.4398106638318406
S100706,2026-02-01,Home & Living,DE,Plus,0.6213457427327613
S100707,2026-02-01,Sports,ES,Standard,0.7122539275505108
S100708,2025-06-01,Beauty,FR,Standard,0.43618114362866217
S100709,2025-07-01,FMCG,UK,Standard,0.17563178921028588
S100710,2026-06-01,Fashion,IT,Standard,0.3811476481656588
S100711,2025-12-01,Fashion,FR,Standard,0.3082400397662839
S100712,2026-03-01,FMCG,IT,Standard,0.7139841826928455
S100713,2026-05-01,Home & Living,IT,Plus,0.2498915191757363
S100714,2026-02-01,FMCG,IT,Standard,0.5634600511333684
S100715,2024-10-01,Toys & Hobbies,FR,Plus,0.5706774881903304
S100716,2025-09-01,Beauty,FR,Plus,0.2320565678393174
S100717,2024-07-01,FMCG,UK,Standard,0.745563810504371
S100718,2025-11-01,FMCG,DE,Plus,0.7067954223543792
S100719,2026-06-01,Beauty,FR,Standard,0.49892648008236523
S100720,2025-08-01,Beauty,DE,Standard,0.5553345399955175
S100721,2025-06-01,FMCG,ES,Standard,0.34819563333148146
S100722,2024-03-01,Beauty,UK,Standard,0.5389416236033377
S100723,2026-06-01,FMCG,DE,Plus,0.16807170284617987
S100724,2024-07-01,Beauty,DE,Standard,0.5907144020879387
S100725,2024-03-01,Beauty,DE,Standard,0.3044869344854609
S100726,2024-12-01,Beauty,UK,Standard,0.7761693654348358
S100727,2024-05-01,Beauty,UK,Standard,0.29486249150031474
S100728,2025-07-01,FMCG,ES,Standard,0.4287155565031293
S100729,2025-08-01,FMCG,DE,Standard,0.6224418019309645
S100730,2025-03-01,FMCG,UK,Plus,0.47647082555197046
S100731,2024-04-01,Electronics,UK,Standard,0.5044008047022617
S100732,2024-07-01,Sports,DE,Plus,0.23301040343049628
S100733,2025-05-01,Toys & Hobbies,UK,Standard,0.46081489888789107
S100734,2024-04-01,Fashion,FR,Standard,0.47521469081129714
S100735,2025-12-01,Fashion,ES,Standard,0.44514338173168577
S100736,2024-11-01,Beauty,UK,Standard,0.700663853249435
S100737,2025-02-01,Electronics,DE,Plus,0.28584238583661475
S100738,2025-05-01,Electronics,UK,Standard,0.43905158221972773
S100739,2025-06-01,Electronics,UK,Standard,0.13774697826803392
S100740,2024-01-01,Toys & Hobbies,ES,Plus,0.3788341981385575
S100741,2024-07-01,Fashion,DE,Standard,0.12218339232652671
S100742,2026-04-01,Electronics,ES,Standard,0.3054161408370089
S100743,2024-01-01,Electronics,UK,Enterprise,0.7729522259597597
S100744,2025-08-01,Beauty,UK,Standard,0.6273378012021974
S100745,2025-08-01,Toys & Hobbies,DE,Plus,0.71571122207019
S100746,2025-03-01,FMCG,DE,Standard,0.4011016783657341
S100747,2025-06-01,Sports,IT,Plus,0.48130019366449456
S100748,2026-02-01,Electronics,UK,Standard,0.7369339969165088
S100749,2026-03-01,FMCG,ES,Standard,0.3896951335979631
S100750,2025-01-01,Home & Living,ES,Standard,0.49835044578466825
S100751,2025-03-01,FMCG,DE,Plus,0.2961885568624021
S100752,2024-12-01,Electronics,UK,Standard,0.6138447519141442
S100753,2025-07-01,Electronics,DE,Enterprise,0.4074948161153548
S100754,2025-12-01,Home & Living,UK,Standard,0.6077513847604213
S100755,2024-12-01,Electronics,ES,Standard,0.28737150893125935
S100756,2025-03-01,FMCG,DE,Plus,0.6790953205244428
S100757,2026-05-01,Beauty,IT,Standard,0.27584934852486737
S100758,2024-04-01,Beauty,FR,Standard,0.09962401985526471
S100759,2025-07-01,FMCG,DE,Standard,0.36192689122551525
S100760,2026-01-01,Fashion,FR,Standard,0.7005955734648295
S100761,2024-09-01,Beauty,DE,Standard,0.33073574399472816
S100762,2024-04-01,Beauty,IT,Standard,0.49707472550188037
S100763,2024-08-01,Fashion,UK,Standard,0.3437465247104574
S100764,2026-05-01,Toys & Hobbies,IT,Standard,0.6461754844587058
S100765,2024-01-01,Beauty,ES,Standard,0.7553980283134847
S100766,2024-10-01,Toys & Hobbies,ES,Standard,0.44602765219904833
S100767,2024-03-01,Fashion,DE,Standard,0.23402903819327187
S100768,2024-07-01,Beauty,ES,Standard,0.41837536554863314
S100769,2025-11-01,Fashion,UK,Standard,0.6971317678444513
S100770,2024-12-01,Beauty,FR,Standard,0.2175150248523679
S100771,2025-09-01,Beauty,UK,Standard,0.4679967409432865
S100772,2025-10-01,Fashion,UK,Standard,0.38526849754475107
S100773,2026-04-01,FMCG,DE,Plus,0.05547397783827283
S100774,2024-01-01,Beauty,UK,Standard,0.24396887487580557
S100775,2026-04-01,Fashion,DE,Standard,0.35086036903627404
S100776,2025-11-01,Beauty,ES,Standard,0.7084678976195937
S100777,2024-09-01,Electronics,UK,Standard,0.5013580976694938
S100778,2026-02-01,Beauty,FR,Plus,0.44214711108845534
S100779,2026-04-01,Sports,UK,Plus,0.6306983369235083
S100780,2025-01-01,Electronics,FR,Plus,0.3945351859460239
S100781,2026-05-01,Sports,ES,Standard,0.1651466138053001
S100782,2025-07-01,Electronics,DE,Standard,0.3533659144415031
S100783,2025-10-01,FMCG,FR,Standard,0.4288624927779057
S100784,2026-06-01,Fashion,IT,Standard,0.6589952465298732
S100785,2025-04-01,FMCG,ES,Standard,0.3381586060665782
S100786,2026-03-01,Electronics,DE,Standard,0.39925755197186075
S100787,2025-03-01,Fashion,DE,Standard,0.4317334117949261
S100788,2026-03-01,Beauty,FR,Plus,0.46004187817344805
S100789,2025-10-01,Toys & Hobbies,UK,Standard,0.702668321532342
S100790,2024-11-01,FMCG,ES,Standard,0.5710756933638151
S100791,2025-05-01,Fashion,UK,Plus,0.39307978511342245
S100792,2025-03-01,Home & Living,ES,Standard,0.6943145739651121
S100793,2024-05-01,FMCG,UK,Standard,0.17954153526832303
S100794,2024-03-01,Fashion,UK,Standard,0.36435360193631694
S100795,2025-04-01,Electronics,IT,Standard,0.5814433438472223
S100796,2024-02-01,FMCG,ES,Standard,0.5457298301604472
S100797,2024-09-01,Fashion,ES,Standard,0.3159828023377604
S100798,2026-01-01,Beauty,IT,Standard,0.33003458664150476
S100799,2026-01-01,Home & Living,DE,Standard,0.18949424293673758
S100800,2026-01-01,FMCG,UK,Standard,0.37323011568617237
S100801,2025-03-01,Toys & Hobbies,UK,Standard,0.26115728681809747
S100802,2026-04-01,Toys & Hobbies,DE,Plus,0.3044937874980101
S100803,2025-10-01,FMCG,UK,Standard,0.423011551312902
S100804,2024-08-01,Beauty,IT,Standard,0.8526037933771167
S100805,2024-08-01,Fashion,UK,Standard,0.5738290845004679
S100806,2025-12-01,Home & Living,UK,Plus,0.5079855795928746
S100807,2024-10-01,Fashion,UK,Standard,0.11387870448795505
S100808,2025-08-01,FMCG,UK,Standard,0.4207402545105514
S100809,2026-06-01,FMCG,UK,Standard,0.8784738382095911
S100810,2024-01-01,Sports,FR,Standard,0.38552416969536524
S100811,2024-02-01,Fashion,UK,Standard,0.6164656198148347
S100812,2026-06-01,Toys & Hobbies,FR,Standard,0.429277844725393
S100813,2025-10-01,Fashion,ES,Plus,0.5983643126955718
S100814,2024-08-01,Toys & Hobbies,FR,Standard,0.6050930698962412
S100815,2026-05-01,FMCG,FR,Standard,0.7118754955443546
S100816,2026-04-01,FMCG,UK,Standard,0.06897369937214384
S100817,2025-09-01,Toys & Hobbies,UK,Standard,0.08013677574254625
S100818,2025-11-01,Sports,UK,Standard,0.40986729249831394
S100819,2025-01-01,Beauty,IT,Standard,0.7575740035641277
S100820,2024-04-01,Beauty,FR,Plus,0.5962861848340383
S100821,2025-10-01,Fashion,UK,Plus,0.48918164880720305
S100822,2025-02-01,Beauty,DE,Plus,0.32296924863356974
S100823,2025-12-01,FMCG,ES,Standard,0.4939964349798801
S100824,2026-03-01,Toys & Hobbies,FR,Standard,0.22620976942510093
S100825,2024-02-01,Beauty,DE,Standard,0.9529664772374289
S100826,2025-10-01,Home & Living,ES,Standard,0.3050454248354115
S100827,2024-12-01,FMCG,FR,Standard,0.21349951378751536
S100828,2026-04-01,FMCG,FR,Standard,0.32762099940407086
S100829,2025-01-01,Home & Living,UK,Standard,0.6994413888614599
S100830,2025-10-01,Beauty,UK,Standard,0.6557282783176059
S100831,2025-09-01,Home & Living,IT,Plus,0.7422515288053441
S100832,2025-05-01,FMCG,DE,Standard,0.29354523963257123
S100833,2025-12-01,Sports,DE,Standard,0.631440388418194
S100834,2026-01-01,Electronics,DE,Standard,0.4974510795912578
S100835,2025-09-01,Toys & Hobbies,UK,Standard,0.5529587364075367
S100836,2026-02-01,FMCG,ES,Plus,0.1731231686049976
S100837,2026-06-01,Beauty,UK,Standard,0.5976115896392151
S100838,2025-06-01,Beauty,ES,Plus,0.8959697360332661
S100839,2025-08-01,Fashion,DE,Plus,0.308800461955219
S100840,2024-01-01,Beauty,UK,Standard,0.1788511311202588
S100841,2026-03-01,FMCG,UK,Standard,0.9506939003304661
S100842,2025-08-01,Beauty,ES,Standard,0.6157716245568144
S100843,2025-05-01,Beauty,UK,Standard,0.6456893089229931
S100844,2024-06-01,Beauty,UK,Standard,0.8031742988009749
S100845,2026-04-01,FMCG,FR,Enterprise,0.7449601879483572
S100846,2025-05-01,Beauty,UK,Standard,0.32742264980220726
S100847,2025-12-01,Home & Living,DE,Plus,0.19649327844791817
S100848,2024-09-01,Beauty,UK,Standard,0.7365851352317975
S100849,2026-06-01,Beauty,ES,Enterprise,0.32107357046556845
S100850,2024-10-01,Fashion,UK,Standard,0.24675483678100407
S100851,2024-11-01,Electronics,UK,Standard,0.7922400252902625
S100852,2026-04-01,Beauty,UK,Standard,0.25764082286671747
S100853,2026-05-01,Fashion,UK,Standard,0.39485579998039866
S100854,2024-11-01,Sports,UK,Plus,0.790753048995951
S100855,2025-07-01,Fashion,UK,Standard,0.1291799303835353
S100856,2026-01-01,Toys & Hobbies,UK,Standard,0.8570267750985794
S100857,2026-04-01,Electronics,DE,Standard,0.12995689932592158
S100858,2025-05-01,FMCG,ES,Standard,0.3514963419217923
S100859,2025-08-01,Fashion,UK,Standard,0.18675686893054558
S100860,2026-01-01,Home & Living,UK,Standard,0.4098317991559656
S100861,2026-01-01,Sports,IT,Standard,0.4962391243376809
S100862,2026-02-01,Fashion,ES,Standard,0.23311598844720427
S100863,2025-10-01,FMCG,FR,Standard,0.43455660714364663
S100864,2024-07-01,Fashion,UK,Plus,0.24750124040068902
S100865,2026-05-01,FMCG,DE,Standard,0.4582512381840133
S100866,2026-04-01,Electronics,UK,Standard,0.24473445916894385
S100867,2026-03-01,Fashion,UK,Standard,0.4858889795421611
S100868,2024-06-01,Home & Living,UK,Standard,0.2178816632247309
S100869,2024-11-01,Toys & Hobbies,DE,Standard,0.4653129438157969
S100870,2026-01-01,Home & Living,UK,Standard,0.2180597478973648
S100871,2024-02-01,Home & Living,FR,Standard,0.3452635993855502
S100872,2026-06-01,Electronics,UK,Standard,0.531610071623819
S100873,2025-04-01,Electronics,UK,Standard,0.24147648020983123
S100874,2026-01-01,Toys & Hobbies,ES,Enterprise,0.07788967197428516
S100875,2026-04-01,FMCG,ES,Standard,0.06755089163328523
S100876,2025-05-01,Fashion,UK,Standard,0.5239529657375412
S100877,2025-03-01,FMCG,DE,Standard,0.6610637045482131
S100878,2025-10-01,Toys & Hobbies,UK,Standard,0.7774557393714226
S100879,2025-10-01,Home & Living,UK,Standard,0.6644908385214852
S100880,2025-05-01,Fashion,FR,Standard,0.31210112247961974
S100881,2025-10-01,FMCG,UK,Standard,0.9395757347030441
S100882,2026-05-01,Beauty,DE,Standard,0.7462931928949009
S100883,2025-07-01,Home & Living,DE,Standard,0.7437169268704323
S100884,2024-11-01,FMCG,UK,Plus,0.28594123076214
S100885,2025-04-01,FMCG,UK,Standard,0.6016271539701716
S100886,2025-05-01,Toys & Hobbies,UK,Plus,0.48883553909100685
S100887,2024-08-01,Electronics,IT,Standard,0.27821992272205626
S100888,2024-09-01,FMCG,FR,Plus,0.8241689388781992
S100889,2025-12-01,Beauty,DE,Standard,0.20773409423901054
S100890,2025-03-01,Sports,UK,Standard,0.23039026924696673
S100891,2026-06-01,Home & Living,FR,Plus,0.5365885583393718
S100892,2024-12-01,Home & Living,UK,Standard,0.3608865286685077
S100893,2024-06-01,Beauty,DE,Standard,0.2791146728841038
S100894,2026-02-01,Beauty,FR,Enterprise,0.3122253338049729
S100895,2026-04-01,FMCG,DE,Standard,0.6545260960359827
S100896,2025-01-01,Home & Living,UK,Standard,0.8667961199230766
S100897,2024-11-01,FMCG,UK,Standard,0.5207591579961651
S100898,2024-10-01,FMCG,UK,Plus,0.5578577073860942
S100899,2025-08-01,Home & Living,DE,Plus,0.5038046823086471
S100900,2025-07-01,Sports,ES,Standard,0.4792021902824866
S100901,2025-01-01,Electronics,UK,Standard,0.7024517802610157
S100902,2024-04-01,Fashion,DE,Standard,0.13589985355764536
S100903,2025-07-01,Fashion,FR,Standard,0.4024243425660677
S100904,2026-06-01,Fashion,UK,Plus,0.20589134276606783
S100905,2025-11-01,Beauty,UK,Standard,0.46460679657574827
S100906,2025-08-01,Fashion,UK,Standard,0.5223771641454866
S100907,2024-07-01,Fashion,FR,Standard,0.4793308998063989
S100908,2025-01-01,Fashion,DE,Standard,0.8223462328538547
S100909,2025-02-01,Toys & Hobbies,FR,Plus,0.680693444429121
S100910,2026-02-01,Sports,ES,Standard,0.08167682418782192
S100911,2026-04-01,FMCG,FR,Standard,0.5396300999437162
S100912,2026-05-01,Beauty,IT,Plus,0.7482423153121989
S100913,2026-06-01,FMCG,FR,Plus,0.6005569909496803
S100914,2026-06-01,Beauty,ES,Standard,0.8030286282729723
S100915,2026-06-01,Beauty,ES,Plus,0.5607006892501329
S100916,2024-05-01,FMCG,FR,Standard,0.7269674487947485
S100917,2024-08-01,Electronics,ES,Plus,0.537926365673757
S100918,2025-02-01,Fashion,IT,Standard,0.5029965117942654
S100919,2025-09-01,Toys & Hobbies,DE,Standard,0.5291471044818592
S100920,2024-06-01,FMCG,FR,Standard,0.33750875178669976
S100921,2026-04-01,FMCG,DE,Standard,0.2678282892458665
S100922,2025-11-01,Beauty,ES,Standard,0.5283693797832191
S100923,2025-09-01,FMCG,DE,Standard,0.33203608468850243
S100924,2024-09-01,Beauty,ES,Standard,0.6975104249155991
S100925,2025-01-01,Sports,ES,Standard,0.8174255943357648
S100926,2024-09-01,FMCG,IT,Standard,0.2338308428218515
S100927,2026-04-01,FMCG,UK,Standard,0.10766924949205506
S100928,2025-10-01,Fashion,FR,Plus,0.21044261306245343
S100929,2026-01-01,Fashion,FR,Enterprise,0.4233062489373747
S100930,2025-02-01,Fashion,IT,Standard,0.7587429983202507
S100931,2025-04-01,Beauty,IT,Standard,0.7125290738413854
S100932,2025-05-01,Electronics,DE,Standard,0.1979828485062293
S100933,2026-02-01,FMCG,DE,Standard,0.5794825760652832
S100934,2026-02-01,Fashion,UK,Plus,0.37295710319329944
S100935,2024-11-01,Home & Living,IT,Standard,0.4166902683906792
S100936,2026-05-01,Toys & Hobbies,UK,Standard,0.37372144725501727
S100937,2024-07-01,Beauty,FR,Standard,0.4834262837274091
S100938,2026-05-01,Fashion,ES,Standard,0.5545812887317602
S100939,2024-06-01,FMCG,DE,Plus,0.44605647194291126
S100940,2025-01-01,FMCG,UK,Standard,0.3968990069438743
S100941,2026-04-01,FMCG,UK,Standard,0.8815011729063073
S100942,2024-10-01,Home & Living,ES,Standard,0.788488839430332
S100943,2025-05-01,Beauty,DE,Plus,0.7161137633172615
S100944,2025-06-01,Home & Living,UK,Standard,0.7381980478537359
S100945,2024-12-01,FMCG,FR,Plus,0.458589400498431
S100946,2026-01-01,Toys & Hobbies,UK,Plus,0.35979089476860376
S100947,2026-04-01,Electronics,ES,Standard,0.7867942857227024
S100948,2026-04-01,FMCG,UK,Plus,0.6935676990545739
S100949,2025-03-01,FMCG,UK,Standard,0.12329866901899916
S100950,2025-09-01,FMCG,UK,Standard,0.2650367652147357
S100951,2024-12-01,Electronics,DE,Standard,0.7992221123082173
S100952,2024-12-01,Beauty,DE,Standard,0.3675070793074407
S100953,2024-09-01,Fashion,FR,Standard,0.7241807538081966
S100954,2026-05-01,Fashion,DE,Standard,0.44370407784455346
S100955,2026-04-01,Electronics,UK,Standard,0.6872228827490907
S100956,2026-02-01,Fashion,UK,Standard,0.3464306033521109
S100957,2025-08-01,Fashion,UK,Standard,0.5985669289202395
S100958,2025-08-01,Sports,IT,Standard,0.1664913991323195
S100959,2025-09-01,FMCG,UK,Standard,0.6563777208330132
S100960,2025-09-01,Electronics,IT,Enterprise,0.6403854860086263
S100961,2025-06-01,FMCG,UK,Plus,0.7712890070570604
S100962,2024-08-01,Fashion,UK,Standard,0.2547604640799125
S100963,2024-08-01,Toys & Hobbies,UK,Standard,0.6118146803415686
S100964,2026-06-01,Home & Living,UK,Standard,0.4331133894677202
S100965,2025-07-01,Home & Living,ES,Plus,0.2884007525858643
S100966,2026-06-01,Beauty,DE,Standard,0.5666793647423163
S100967,2024-09-01,Beauty,UK,Plus,0.2947858100764235
S100968,2025-09-01,Beauty,FR,Standard,0.4726732980720576
S100969,2024-11-01,Fashion,FR,Standard,0.0811510933795688
S100970,2025-01-01,Fashion,IT,Standard,0.6893891166192768
S100971,2024-03-01,Beauty,IT,Standard,0.43095913162495414
S100972,2024-07-01,Beauty,FR,Plus,0.3904742146417268
S100973,2026-05-01,Beauty,ES,Standard,0.5372369229657078
S100974,2025-03-01,Beauty,ES,Standard,0.7002222480690926
S100975,2025-10-01,FMCG,DE,Standard,0.16508221493589292
S100976,2025-07-01,Toys & Hobbies,FR,Standard,0.5971391259835521
S100977,2025-05-01,Home & Living,UK,Standard,0.28091160307984925
S100978,2025-09-01,FMCG,FR,Standard,0.505639360649268
S100979,2024-10-01,Home & Living,IT,Standard,0.3597464383360884
S100980,2026-06-01,Electronics,UK,Standard,0.1395313163564851
S100981,2026-03-01,Beauty,ES,Standard,0.31744718932858745
S100982,2026-01-01,FMCG,IT,Standard,0.27845597964821295
S100983,2025-07-01,FMCG,UK,Standard,0.5990616562763917
S100984,2024-09-01,FMCG,DE,Standard,0.31545689537370664
S100985,2026-05-01,Electronics,IT,Plus,0.7086565344844515
S100986,2025-03-01,Sports,IT,Standard,0.44824173836026154
S100987,2024-04-01,FMCG,UK,Standard,0.3762709822787364
S100988,2025-03-01,Electronics,UK,Plus,0.7651728955509641
S100989,2026-02-01,FMCG,FR,Standard,0.16646590280311394
S100990,2025-11-01,Fashion,UK,Standard,0.5195514905911442
S100991,2026-02-01,Electronics,UK,Standard,0.24690409165523935
S100992,2026-02-01,Beauty,UK,Standard,0.4812931632110277
S100993,2024-11-01,FMCG,UK,Standard,0.6642750042617424
S100994,2026-05-01,Fashion,DE,Plus,0.4671663074452327
S100995,2025-06-01,Sports,FR,Enterprise,0.4987183058928539
S100996,2025-11-01,Beauty,FR,Standard,0.1530073359058665
S100997,2024-01-01,FMCG,FR,Standard,0.4810558863942651
S100998,2026-06-01,FMCG,DE,Plus,0.6941559250835664
S100999,2025-01-01,Fashion,UK,Standard,0.4024165312208588
S101000,2024-05-01,Fashion,UK,Standard,0.49353693424198036
S101001,2025-07-01,Electronics,UK,Standard,0.44201485949493374
S101002,2024-08-01,Electronics,UK,Standard,0.7583999328104409
S101003,2024-09-01,Toys & Hobbies,UK,Standard,0.14209644692404108
S101004,2025-11-01,Electronics,UK,Standard,0.6436129006940838
S101005,2025-05-01,Beauty,UK,Standard,0.8004383267834493
S101006,2026-05-01,Fashion,FR,Standard,0.3919204572119143
S101007,2025-03-01,Beauty,FR,Plus,0.45086572760672866
S101008,2026-01-01,Beauty,IT,Standard,0.42597586736567744
S101009,2025-07-01,Toys & Hobbies,ES,Standard,0.6366773954581775
S101010,2025-12-01,Home & Living,DE,Standard,0.566518347170317
S101011,2025-10-01,Sports,UK,Standard,0.6074387457284794
S101012,2025-07-01,Beauty,DE,Enterprise,0.644025374795966
S101013,2026-06-01,Fashion,UK,Plus,0.22159344306321446
S101014,2025-03-01,Fashion,DE,Standard,0.20465039347873656
S101015,2024-10-01,FMCG,DE,Standard,0.7157019358124388
S101016,2025-12-01,Beauty,DE,Standard,0.586817625955192
S101017,2026-04-01,Fashion,UK,Standard,0.043760051959309404
S101018,2024-03-01,FMCG,FR,Standard,0.508913314953442
S101019,2025-06-01,Toys & Hobbies,ES,Standard,0.26373797583076536
S101020,2026-04-01,FMCG,FR,Standard,0.14575629263013312
S101021,2026-02-01,FMCG,FR,Standard,0.35633198688110757
S101022,2026-06-01,Electronics,DE,Standard,0.8233261747340468
S101023,2025-09-01,FMCG,UK,Standard,0.16945341651239468
S101024,2025-12-01,Toys & Hobbies,FR,Standard,0.3727815257011544
S101025,2025-02-01,Home & Living,DE,Standard,0.33261671285350075
S101026,2026-06-01,FMCG,UK,Standard,0.5267030333871474
S101027,2025-04-01,Home & Living,UK,Standard,0.10141657895238067
S101028,2026-01-01,Home & Living,IT,Standard,0.37039072853828603
S101029,2025-05-01,Electronics,FR,Standard,0.6488999386661679
S101030,2025-09-01,Electronics,DE,Plus,0.3517461567615546
S101031,2026-01-01,Home & Living,FR,Plus,0.7036347646292241
S101032,2025-08-01,Fashion,DE,Standard,0.48201706866691235
S101033,2026-05-01,Beauty,DE,Standard,0.40169683490039687
S101034,2025-06-01,Home & Living,UK,Standard,0.25494305182935983
S101035,2025-11-01,Sports,DE,Standard,0.7072497109154628
S101036,2025-03-01,Fashion,FR,Standard,0.5549830397537854
S101037,2025-05-01,Home & Living,UK,Standard,0.6153965964554415
S101038,2025-06-01,Fashion,ES,Standard,0.28613996445660794
S101039,2024-08-01,Electronics,UK,Standard,0.15391102140595314
S101040,2024-06-01,Sports,FR,Standard,0.32958234268420644
S101041,2025-12-01,FMCG,FR,Standard,0.3965485267708609
S101042,2025-11-01,FMCG,FR,Standard,0.4189846361452389
S101043,2025-12-01,Fashion,FR,Standard,0.5802185394063787
S101044,2024-02-01,Fashion,IT,Standard,0.3674429081048783
S101045,2025-03-01,Fashion,DE,Standard,0.8830387533244974
S101046,2024-11-01,FMCG,FR,Standard,0.8650747923565371
S101047,2026-02-01,Beauty,FR,Standard,0.38478958969400984
S101048,2026-04-01,Fashion,UK,Standard,0.28750105198622244
S101049,2024-12-01,Fashion,UK,Plus,0.0773359836052795
S101050,2025-12-01,Home & Living,DE,Standard,0.5675218981081481
S101051,2024-08-01,Home & Living,UK,Standard,0.37615528484622723
S101052,2025-01-01,Home & Living,UK,Standard,0.6810268833378673
S101053,2024-08-01,Electronics,DE,Plus,0.5449490152881477
S101054,2025-02-01,Home & Living,FR,Plus,0.28324500312675416
S101055,2025-12-01,Fashion,UK,Plus,0.3026313289804859
S101056,2026-05-01,Home & Living,ES,Standard,0.43729250406537035
S101057,2024-11-01,FMCG,DE,Standard,0.2098585149498322
S101058,2025-09-01,Beauty,FR,Standard,0.07123992435199858
S101059,2026-01-01,Fashion,UK,Standard,0.7586898277749466
S101060,2026-06-01,Toys & Hobbies,DE,Standard,0.753168495978663
S101061,2025-10-01,Home & Living,UK,Standard,0.24404705574852556
S101062,2025-01-01,FMCG,FR,Standard,0.6076566619780316
S101063,2025-11-01,Fashion,UK,Plus,0.7407314692809165
S101064,2025-03-01,Beauty,IT,Standard,0.3259011110892465
S101065,2026-06-01,Home & Living,UK,Standard,0.33458735609751705
S101066,2025-05-01,Electronics,DE,Standard,0.641457110316992
S101067,2025-12-01,Fashion,UK,Plus,0.006677276275137456
S101068,2024-02-01,Fashion,FR,Plus,0.7947607912316109
S101069,2025-05-01,Beauty,DE,Standard,0.06258118180680025
S101070,2026-04-01,Fashion,UK,Enterprise,0.5125263575024778
S101071,2025-10-01,Toys & Hobbies,UK,Plus,0.8676655609778713
S101072,2025-06-01,Home & Living,UK,Plus,0.5422757811670422
S101073,2026-05-01,Fashion,UK,Plus,0.4588887215073
S101074,2026-04-01,Beauty,IT,Standard,0.4459617316573179
S101075,2025-03-01,FMCG,DE,Plus,0.1506565504765717
S101076,2025-09-01,FMCG,UK,Standard,0.7026056426550972
S101077,2025-08-01,FMCG,IT,Standard,0.5803191373335441
S101078,2025-11-01,Beauty,UK,Standard,0.11567781226309627
S101079,2025-03-01,Sports,DE,Plus,0.39114617925316003
S101080,2024-12-01,Fashion,FR,Enterprise,0.41351535616624185
S101081,2026-05-01,Beauty,IT,Standard,0.6631624626985546
S101082,2026-05-01,FMCG,FR,Enterprise,0.20159787918681
S101083,2026-03-01,Beauty,DE,Standard,0.5084283241739667
S101084,2026-06-01,Electronics,IT,Standard,0.6332279435870953
S101085,2026-01-01,Beauty,UK,Standard,0.24370275109271322
S101086,2026-02-01,Electronics,IT,Plus,0.6013001967931775
S101087,2026-02-01,Electronics,ES,Standard,0.4385977268570842
S101088,2025-07-01,FMCG,IT,Standard,0.4308308811000851
S101089,2025-07-01,Home & Living,UK,Standard,0.32089548197640644
S101090,2024-12-01,Sports,UK,Standard,0.32984290621349593
S101091,2025-11-01,Beauty,FR,Standard,0.8427037391095041
S101092,2025-02-01,FMCG,DE,Plus,0.5317177529024532
S101093,2025-01-01,Toys & Hobbies,DE,Standard,0.8346666693482249
S101094,2025-10-01,Toys & Hobbies,IT,Plus,0.5907085667654219
S101095,2025-05-01,Fashion,FR,Standard,0.5039742584732768
S101096,2024-11-01,Fashion,UK,Enterprise,0.6537544327125419
S101097,2026-03-01,FMCG,DE,Standard,0.7300357152369932
S101098,2026-04-01,Electronics,UK,Standard,0.7873574733563867
S101099,2024-09-01,Fashion,UK,Standard,0.4998805570537212
S101100,2024-01-01,FMCG,UK,Standard,0.7412217689644647
S101101,2025-03-01,Home & Living,ES,Standard,0.321703333070245
S101102,2026-03-01,Sports,FR,Plus,0.20498387464327608
S101103,2026-03-01,Electronics,DE,Standard,0.6880997579514658
S101104,2024-08-01,Beauty,UK,Standard,0.35186919365145347
S101105,2026-02-01,FMCG,FR,Standard,0.8251039634614257
S101106,2024-07-01,Sports,ES,Enterprise,0.1665233432336378
S101107,2025-05-01,Toys & Hobbies,ES,Standard,0.1868381006752148
S101108,2026-06-01,Fashion,DE,Standard,0.3963596563308175
S101109,2024-10-01,Home & Living,ES,Standard,0.20139042676173954
S101110,2024-09-01,Fashion,DE,Standard,0.5123758602654255
S101111,2025-06-01,Beauty,DE,Standard,0.3403263080427224
S101112,2025-11-01,FMCG,ES,Standard,0.18149734459803862
S101113,2026-05-01,FMCG,DE,Standard,0.04488860570467908
S101114,2026-06-01,Beauty,DE,Standard,0.31657187228655265
S101115,2024-05-01,Electronics,UK,Standard,0.019114883218017263
S101116,2024-08-01,FMCG,DE,Standard,0.3123157256328885
S101117,2026-02-01,Beauty,DE,Plus,0.5877743009206923
S101118,2025-01-01,Fashion,FR,Standard,0.6109726006849081
S101119,2026-04-01,FMCG,DE,Standard,0.6838462428709832
S101120,2025-12-01,FMCG,UK,Standard,0.4575847196663519
S101121,2024-07-01,Fashion,ES,Standard,0.7033546792696841
S101122,2026-03-01,Beauty,UK,Plus,0.17567506436683508
S101123,2024-10-01,Home & Living,IT,Standard,0.4818151675054561
S101124,2025-06-01,Toys & Hobbies,UK,Standard,0.6293421865292615
S101125,2025-09-01,FMCG,DE,Standard,0.35344006082503254
S101126,2025-08-01,Toys & Hobbies,DE,Standard,0.6132478285478081
S101127,2025-12-01,Toys & Hobbies,ES,Plus,0.5532246382540891
S101128,2025-11-01,Electronics,UK,Standard,0.38768998274029126
S101129,2026-06-01,Home & Living,IT,Standard,0.09272059202912349
S101130,2026-06-01,Home & Living,DE,Plus,0.6773713437460384
S101131,2025-08-01,Home & Living,DE,Plus,0.7122709220685783
S101132,2024-06-01,Home & Living,DE,Standard,0.4188658754185445
S101133,2026-01-01,FMCG,UK,Standard,0.7014066723723269
S101134,2026-06-01,Sports,DE,Standard,0.282282463713208
S101135,2025-03-01,Fashion,UK,Plus,0.6869737317370602
S101136,2025-07-01,Electronics,UK,Standard,0.4281090247822038
S101137,2025-06-01,Beauty,FR,Standard,0.5809249034277454
S101138,2024-04-01,FMCG,DE,Plus,0.25661932676895927
S101139,2025-12-01,Fashion,UK,Standard,0.3341605237651837
S101140,2025-04-01,Fashion,UK,Standard,0.1439538778274435
S101141,2026-02-01,Fashion,UK,Standard,0.44510370511937747
S101142,2026-03-01,Beauty,UK,Plus,0.8980499925490052
S101143,2026-03-01,Beauty,FR,Standard,0.13977360672139635
S101144,2025-06-01,Fashion,UK,Standard,0.09450281703914469
S101145,2025-03-01,Beauty,ES,Standard,0.8121925727445561
S101146,2026-02-01,Sports,UK,Plus,0.6705700843152339
S101147,2026-03-01,FMCG,UK,Plus,0.4008373970950861
S101148,2025-08-01,Beauty,ES,Standard,0.14408754695574608
S101149,2026-04-01,Beauty,UK,Standard,0.3047509373084797
S101150,2024-08-01,Fashion,DE,Plus,0.35547344788966967
S101151,2026-04-01,Fashion,IT,Plus,0.49693579628860757
S101152,2024-06-01,Home & Living,IT,Standard,0.614503375663566
S101153,2024-09-01,Sports,FR,Standard,0.2831685921015667
S101154,2025-09-01,Beauty,UK,Plus,0.7508810244437222
S101155,2024-05-01,Home & Living,DE,Plus,0.4496683297455055
S101156,2024-04-01,FMCG,IT,Standard,0.3101429266031519
S101157,2024-01-01,Beauty,IT,Standard,0.2829749979160291
S101158,2025-06-01,Fashion,UK,Standard,0.14564400558493318
S101159,2026-02-01,FMCG,DE,Plus,0.6853972894407074
S101160,2024-03-01,Home & Living,UK,Standard,0.19557074100227953
S101161,2025-11-01,Home & Living,UK,Standard,0.4106645726806931
S101162,2026-03-01,Electronics,FR,Standard,0.6730115539147827
S101163,2024-09-01,Fashion,UK,Plus,0.11740044212056319
S101164,2024-09-01,Home & Living,UK,Plus,0.38702182528816653
S101165,2026-04-01,Beauty,UK,Enterprise,0.4340197323115727
S101166,2026-03-01,FMCG,DE,Standard,0.37705205414827464
S101167,2025-09-01,FMCG,UK,Plus,0.6851538088754693
S101168,2026-03-01,Home & Living,DE,Plus,0.3091969229306979
S101169,2024-06-01,Sports,UK,Standard,0.4083108639484574
S101170,2025-05-01,FMCG,IT,Standard,0.762384672583971
S101171,2026-01-01,Fashion,UK,Enterprise,0.6648405355940413
S101172,2025-01-01,Electronics,DE,Standard,0.391146228063278
S101173,2026-02-01,Electronics,UK,Standard,0.604235251468325
S101174,2025-08-01,Fashion,UK,Standard,0.17004728869071659
S101175,2026-02-01,Home & Living,UK,Standard,0.4562724015678979
S101176,2025-07-01,Home & Living,UK,Standard,0.5165361254080183
S101177,2025-04-01,Electronics,UK,Plus,0.9478588874091631
S101178,2024-11-01,FMCG,DE,Standard,0.14801335757654766
S101179,2024-11-01,Toys & Hobbies,FR,Plus,0.7532658078865794
S101180,2026-02-01,FMCG,UK,Standard,0.6110174483564336
S101181,2024-07-01,Electronics,DE,Standard,0.11500331643937174
S101182,2024-06-01,FMCG,DE,Plus,0.47280012777696323
S101183,2024-10-01,FMCG,UK,Standard,0.7615397158773083
S101184,2024-10-01,FMCG,UK,Standard,0.4960116281424717
S101185,2026-03-01,Fashion,UK,Plus,0.75493168192276
S101186,2025-05-01,Beauty,UK,Standard,0.5388570062966722
S101187,2026-06-01,FMCG,DE,Standard,0.4339279913448482
S101188,2024-08-01,Fashion,IT,Standard,0.06629757407188008
S101189,2025-11-01,Beauty,IT,Plus,0.6362682555807367
S101190,2025-06-01,Electronics,IT,Standard,0.5655275557978242
S101191,2025-05-01,Toys & Hobbies,DE,Standard,0.8321446858549942
S101192,2026-04-01,Home & Living,UK,Enterprise,0.8041486614925583
S101193,2026-06-01,FMCG,UK,Standard,0.34553427274963516
S101194,2026-04-01,Beauty,UK,Standard,0.6436448131859674
S101195,2024-10-01,Toys & Hobbies,UK,Standard,0.442772568610306
S101196,2024-11-01,FMCG,UK,Standard,0.35922968859957666
S101197,2025-12-01,Beauty,DE,Standard,0.5047139185409875
S101198,2025-02-01,Sports,UK,Standard,0.47760311756629004
S101199,2026-01-01,Sports,UK,Standard,0.32223545206772664
S101200,2025-09-01,Beauty,FR,Standard,0.5956287489208084
S101201,2025-09-01,Home & Living,UK,Standard,0.5400902496530476
S101202,2026-03-01,Fashion,ES,Standard,0.8023110962721405
S101203,2026-01-01,Electronics,UK,Standard,0.4897523446551076
S101204,2024-02-01,FMCG,DE,Standard,0.21343184461985576
S101205,2024-04-01,FMCG,UK,Plus,0.6057187845839574
S101206,2025-10-01,Home & Living,DE,Standard,0.5565389317743022
S101207,2025-07-01,Beauty,UK,Standard,0.33345307783254
S101208,2025-01-01,Home & Living,UK,Standard,0.4448083829247875
S101209,2025-06-01,Beauty,FR,Plus,0.2180311011020544
S101210,2026-02-01,Toys & Hobbies,UK,Standard,0.39279481277167455
S101211,2026-03-01,Electronics,UK,Plus,0.3404331080436574
S101212,2025-09-01,Fashion,IT,Standard,0.3754148967438726
S101213,2025-05-01,Electronics,UK,Standard,0.6140818501248644
S101214,2025-01-01,Beauty,DE,Plus,0.8206666359519335
S101215,2025-08-01,Fashion,DE,Standard,0.21109310764817293
S101216,2025-03-01,FMCG,UK,Standard,0.03911132662386517
S101217,2025-09-01,Toys & Hobbies,DE,Enterprise,0.5298751397125714
S101218,2025-12-01,Electronics,UK,Standard,0.26089941957569773
S101219,2024-05-01,Toys & Hobbies,FR,Standard,0.7764788914246551
S101220,2024-01-01,Toys & Hobbies,UK,Standard,0.7216805140211782
S101221,2024-11-01,Sports,UK,Standard,0.8542243846871775
S101222,2026-04-01,Beauty,UK,Plus,0.7931578702350216
S101223,2025-11-01,Toys & Hobbies,IT,Standard,0.1429937372777237
S101224,2024-10-01,Fashion,ES,Plus,0.524257847848563
S101225,2026-04-01,Fashion,IT,Standard,0.48085686969576075
S101226,2025-07-01,Fashion,FR,Enterprise,0.7719457027650116
S101227,2025-07-01,Beauty,FR,Plus,0.48412346494858755
S101228,2026-05-01,Beauty,DE,Plus,0.5135339868447002
S101229,2024-04-01,Beauty,IT,Standard,0.26350436936810834
S101230,2024-11-01,FMCG,DE,Standard,0.7739110373769597
S101231,2025-10-01,Fashion,UK,Standard,0.044615382776140744
S101232,2024-11-01,Toys & Hobbies,FR,Standard,0.4441494351366261
S101233,2025-12-01,Home & Living,DE,Standard,0.23789534501551465
S101234,2024-11-01,Fashion,UK,Plus,0.4771442699576592
S101235,2024-06-01,Fashion,DE,Standard,0.21307161217791074
S101236,2024-11-01,Fashion,UK,Plus,0.2069913442439587
S101237,2025-06-01,FMCG,ES,Standard,0.34296529147475274
S101238,2024-10-01,Electronics,UK,Plus,0.5859374668739222
S101239,2024-08-01,FMCG,ES,Standard,0.5525338265342233
S101240,2026-04-01,Home & Living,DE,Standard,0.45743793632988505
S101241,2025-03-01,Electronics,FR,Plus,0.38574133883187495
S101242,2025-04-01,Fashion,UK,Plus,0.7080866719967596
S101243,2024-04-01,Toys & Hobbies,IT,Plus,0.39747892467062024
S101244,2025-04-01,Beauty,DE,Enterprise,0.716586937609153
S101245,2025-01-01,Toys & Hobbies,UK,Standard,0.31949998290909054
S101246,2025-10-01,Home & Living,UK,Plus,0.62399837226177
S101247,2024-11-01,Electronics,UK,Standard,0.2921174158758568
S101248,2026-04-01,Home & Living,UK,Standard,0.7422347698438528
S101249,2026-05-01,Electronics,FR,Standard,0.6182303846050182
S101250,2024-06-01,Sports,IT,Standard,0.6845442273937787
S101251,2024-07-01,Fashion,FR,Standard,0.2532868128401753
S101252,2024-07-01,Electronics,DE,Plus,0.31569988954244527
S101253,2025-11-01,Electronics,DE,Standard,0.28917832835262647
S101254,2024-07-01,Fashion,ES,Plus,0.16187904050041974
S101255,2026-04-01,Toys & Hobbies,ES,Standard,0.2190677073588171
S101256,2026-02-01,Beauty,UK,Standard,0.4537277025313991
S101257,2026-03-01,Fashion,IT,Standard,0.3437427658013836
S101258,2025-08-01,FMCG,DE,Standard,0.39821927711113214
S101259,2026-06-01,Beauty,ES,Standard,0.32136268643656707
S101260,2024-04-01,Electronics,IT,Standard,0.3551230365181315
S101261,2025-05-01,Beauty,FR,Standard,0.525283998877067
S101262,2025-03-01,Beauty,UK,Standard,0.28093910921696985
S101263,2026-06-01,Beauty,DE,Plus,0.4255985666313646
S101264,2025-10-01,Fashion,UK,Standard,0.18193727631784337
S101265,2026-03-01,Electronics,ES,Plus,0.2759025779998055
S101266,2024-10-01,Toys & Hobbies,UK,Plus,0.5984362682744856
S101267,2026-06-01,FMCG,FR,Standard,0.821458733365212
S101268,2025-08-01,Fashion,IT,Standard,0.6559831292844945
S101269,2025-08-01,Fashion,UK,Standard,0.6909042375091289
S101270,2026-06-01,Home & Living,DE,Standard,0.09481266965253657
S101271,2025-05-01,Fashion,FR,Standard,0.34597476492038537
S101272,2025-05-01,Beauty,DE,Plus,0.20271507841677355
S101273,2025-10-01,Fashion,UK,Standard,0.35222948266689824
S101274,2024-08-01,Fashion,UK,Standard,0.06845528901758431
S101275,2025-03-01,Fashion,DE,Standard,0.29175370896809827
S101276,2024-10-01,Fashion,FR,Standard,0.3766063307445933
S101277,2024-07-01,Electronics,DE,Standard,0.5191677447449822
S101278,2026-04-01,Electronics,UK,Standard,0.5532998075299128
S101279,2025-10-01,Beauty,DE,Enterprise,0.2432421651713541
S101280,2025-04-01,Electronics,UK,Standard,0.7674568151745365
S101281,2025-05-01,Electronics,UK,Standard,0.7746077818042798
S101282,2025-06-01,FMCG,FR,Standard,0.8540376428345579
S101283,2025-11-01,Fashion,UK,Standard,0.8068268694809027
S101284,2026-05-01,Beauty,DE,Plus,0.4212988630572301
S101285,2026-05-01,Home & Living,IT,Plus,0.4170032176225486
S101286,2025-05-01,Beauty,DE,Plus,0.17899638600604295
S101287,2025-03-01,Home & Living,FR,Standard,0.6608997091523351
S101288,2025-07-01,Beauty,UK,Standard,0.4612993385276281
S101289,2025-09-01,Fashion,UK,Plus,0.894219622283797
S101290,2025-07-01,Sports,UK,Standard,0.2780954764711819
S101291,2025-12-01,Beauty,FR,Standard,0.47383693294472556
S101292,2025-09-01,Toys & Hobbies,ES,Standard,0.3621679752797681
S101293,2025-03-01,Sports,UK,Standard,0.49475951267734897
S101294,2025-04-01,Toys & Hobbies,UK,Plus,0.8129732480790387
S101295,2025-04-01,FMCG,UK,Standard,0.2507998803694875
S101296,2024-06-01,Electronics,DE,Enterprise,0.33893147817120767
S101297,2024-09-01,FMCG,FR,Standard,0.4589553476943896
S101298,2026-01-01,Beauty,FR,Standard,0.5613709829081814
S101299,2025-05-01,Toys & Hobbies,IT,Standard,0.37609852241396086
S101300,2024-11-01,Home & Living,UK,Standard,0.5492527689615497
S101301,2025-09-01,Fashion,FR,Standard,0.3751958154705992
S101302,2026-02-01,Beauty,DE,Standard,0.694835627727332
S101303,2025-01-01,Electronics,UK,Standard,0.1559502582808331
S101304,2026-03-01,Home & Living,IT,Plus,0.06245068497204475
S101305,2026-05-01,Fashion,UK,Standard,0.34523862661116006
S101306,2025-10-01,Toys & Hobbies,FR,Standard,0.47889371853640783
S101307,2025-12-01,Beauty,FR,Standard,0.19562670294798032
S101308,2024-04-01,FMCG,IT,Plus,0.6791910871425276
S101309,2026-05-01,Home & Living,DE,Standard,0.7042312456189733
S101310,2025-05-01,Sports,UK,Standard,0.1762736911303219
S101311,2026-05-01,Beauty,ES,Standard,0.5601587451055209
S101312,2025-10-01,Beauty,FR,Standard,0.25749513110971567
S101313,2024-01-01,FMCG,DE,Standard,0.5686641822844052
S101314,2024-03-01,Toys & Hobbies,FR,Standard,0.1476504817407531
S101315,2025-12-01,Beauty,UK,Enterprise,0.27268600574378243
S101316,2025-09-01,Fashion,DE,Standard,0.2197678844855731
S101317,2024-02-01,Sports,ES,Standard,0.4572611516520431
S101318,2026-01-01,FMCG,UK,Standard,0.27377333881300786
S101319,2026-04-01,Fashion,DE,Standard,0.5573542066185303
S101320,2025-08-01,Fashion,IT,Standard,0.5841784476470036
S101321,2025-07-01,Electronics,ES,Standard,0.8243203650041285
S101322,2024-01-01,Beauty,ES,Standard,0.3484469393633766
S101323,2026-02-01,Beauty,DE,Standard,0.7097320103045419
S101324,2025-03-01,FMCG,IT,Standard,0.7116027232049233
S101325,2026-04-01,Electronics,UK,Plus,0.13940913389429577
S101326,2025-04-01,Electronics,DE,Standard,0.37345866818937296
S101327,2025-09-01,FMCG,DE,Standard,0.727765761009298
S101328,2025-01-01,Beauty,ES,Enterprise,0.6033763664505472
S101329,2024-09-01,Toys & Hobbies,IT,Plus,0.3710499157167186
S101330,2026-02-01,FMCG,FR,Standard,0.14419298128079383
S101331,2025-08-01,Beauty,FR,Plus,0.4457245259837216
S101332,2025-09-01,Fashion,DE,Standard,0.1714776942391153
S101333,2026-06-01,Beauty,DE,Standard,0.6806463330610423
S101334,2026-06-01,Beauty,DE,Plus,0.5587116236022166
S101335,2026-04-01,Fashion,UK,Plus,0.4216455972927292
S101336,2024-10-01,FMCG,DE,Standard,0.5054560664142738
S101337,2025-10-01,Fashion,ES,Standard,0.20179180638216732
S101338,2026-04-01,Home & Living,FR,Standard,0.6220684970212005
S101339,2025-04-01,Fashion,ES,Standard,0.34540040101797004
S101340,2024-07-01,FMCG,DE,Enterprise,0.699034882552678
S101341,2026-03-01,Electronics,DE,Standard,0.44391541993769873
S101342,2025-07-01,FMCG,UK,Standard,0.5012170867361766
S101343,2025-09-01,Electronics,DE,Standard,0.8151912670114287
S101344,2026-06-01,Beauty,DE,Standard,0.10622537339772059
S101345,2025-10-01,Electronics,UK,Standard,0.13832422358403196
S101346,2025-06-01,FMCG,UK,Enterprise,0.20709447236984893
S101347,2025-04-01,FMCG,FR,Standard,0.11201085726030544
S101348,2025-06-01,Fashion,DE,Standard,0.3217349619513806
S101349,2024-07-01,FMCG,DE,Standard,0.06981075288104743
S101350,2026-02-01,Beauty,UK,Standard,0.19052697098197693
S101351,2026-03-01,Home & Living,DE,Standard,0.6774958582018666
S101352,2025-02-01,Electronics,DE,Standard,0.2096997298749753
S101353,2025-02-01,FMCG,DE,Standard,0.6156234849928471
S101354,2026-04-01,Toys & Hobbies,DE,Standard,0.8485670522707666
S101355,2024-02-01,Electronics,UK,Plus,0.4374232037245826
S101356,2025-08-01,Toys & Hobbies,IT,Standard,0.12676089884136946
S101357,2025-07-01,Home & Living,UK,Standard,0.5754946820765253
S101358,2025-12-01,Home & Living,DE,Standard,0.20164552958030266
S101359,2024-09-01,Fashion,UK,Standard,0.35953069776872215
S101360,2025-12-01,Home & Living,DE,Plus,0.825822947855383
S101361,2025-04-01,Toys & Hobbies,UK,Standard,0.1902612592381593
S101362,2025-11-01,FMCG,ES,Standard,0.44728177489304966
S101363,2024-03-01,Beauty,DE,Standard,0.3739417649922891
S101364,2025-07-01,FMCG,FR,Plus,0.4392795138642557
S101365,2025-08-01,Sports,UK,Standard,0.2665360658029095
S101366,2024-11-01,Fashion,UK,Standard,0.6907168964696695
S101367,2024-08-01,Home & Living,DE,Standard,0.507505586367871
S101368,2024-10-01,Electronics,DE,Standard,0.5803613849781672
S101369,2025-03-01,Sports,DE,Plus,0.11011039192066203
S101370,2024-06-01,FMCG,IT,Standard,0.0268175065499234
S101371,2026-06-01,Electronics,FR,Standard,0.6207260298955856
S101372,2025-05-01,Toys & Hobbies,IT,Standard,0.491160177782977
S101373,2026-03-01,FMCG,UK,Plus,0.11945560425509834
S101374,2026-06-01,Electronics,ES,Standard,0.6462458153334619
S101375,2024-06-01,Beauty,DE,Standard,0.6508714719085894
S101376,2025-11-01,Home & Living,FR,Enterprise,0.28429064847817825
S101377,2026-04-01,Fashion,IT,Standard,0.683656429021172
S101378,2025-11-01,Beauty,FR,Plus,0.7258858338527487
S101379,2025-06-01,FMCG,ES,Plus,0.32991443822482175
S101380,2025-06-01,FMCG,FR,Standard,0.7138747813756279
S101381,2024-03-01,FMCG,UK,Standard,0.46243728979585946
S101382,2025-09-01,Home & Living,FR,Standard,0.6427516896303291
S101383,2026-06-01,Beauty,DE,Standard,0.7914399102691839
S101384,2026-06-01,FMCG,IT,Standard,0.19225591730764877
S101385,2024-03-01,Home & Living,ES,Enterprise,0.24119488761764038
S101386,2026-01-01,Home & Living,UK,Standard,0.8507294101723781
S101387,2025-02-01,Fashion,UK,Standard,0.41286077573058844
S101388,2026-05-01,Toys & Hobbies,UK,Standard,0.5307195357930206
S101389,2024-04-01,Beauty,DE,Standard,0.4567763319981673
S101390,2026-05-01,Electronics,UK,Standard,0.21889962950096228
S101391,2026-03-01,FMCG,FR,Plus,0.6110924434871727
S101392,2024-07-01,Home & Living,DE,Standard,0.5480924496621151
S101393,2024-04-01,Sports,ES,Standard,0.4502446957045428
S101394,2026-03-01,Electronics,UK,Standard,0.1680543659396477
S101395,2024-09-01,Fashion,DE,Standard,0.2059954339933459
S101396,2025-09-01,Home & Living,UK,Plus,0.3367121827758074
S101397,2026-05-01,Beauty,ES,Standard,0.7912385516087999
S101398,2025-09-01,Home & Living,UK,Standard,0.7841741607981618
S101399,2025-05-01,Electronics,UK,Standard,0.4405250535708873
